,0,1,2,3,4,5,6,7,8,9,10,11,12,13,14,15,16,17,18,19,20,21,22,23,24,25,26,27,28,29,30,31
0,-0.00483120683872413,-0.004831208516306873,-0.004831188105228979,-0.004831183249484489,-0.004831202944067278,-0.004831183894943624,-0.004831198167907445,-0.004831187495400172,-0.004831179001775645,-0.004831198451109699,-0.0048311893990856634,-0.004831188105228979,-0.0048311828335178535,-0.004831183894943624,-0.004831208516306873,-0.004831188105228979,-0.004831202944067278,-0.0048311893990856634,-0.0048313169672668495,-0.004831188105228979,-0.004831183894943624,-0.004831198451109699,-0.004831208516306873,-0.0048311893990856634,-0.004831188105228979,-0.004831179001775645,-0.004831202944067278,-0.004831183788083793,-0.004831202169360687,-0.004831177184514143,-0.004831198451109699,-0.004831188105228979
1,0.0005798694245574879,0.0005300436434939581,0.0005333071529599098,0.00036724977909041994,0.0006323529496425681,0.0006739233526157826,0.0006147463847597553,0.0006284610996600202,0.00043159548557556387,0.000623795721024608,0.0004473077739941479,0.0005333071529599098,0.0003366647365580175,0.0006739233526157826,0.0005300436434939581,0.0005333071529599098,0.0006323529496425681,0.0004473077739941479,0.0005503307118865918,0.0005333071529599098,0.0006739233526157826,0.000623795721024608,0.0005300436434939581,0.0004473077739941479,0.0005333071529599098,0.00043159548557556387,0.0006323529496425681,0.00034393884591290495,0.0005838166523993414,0.001380636062796133,0.000623795721024608,0.0005333071529599098
2,-0.0025020799081800055,-0.0025303565934967206,-0.0024039598735022152,-0.0026641217195690547,-0.002438504051410036,-0.002443323819344213,-0.002513238530104724,-0.0024288207080620547,-0.0025622265916703736,-0.0024459881861973658,-0.0025726349105756074,-0.0024039598735022152,-0.0028297755404929556,-0.002443323819344213,-0.0025303565934967206,-0.0024039598735022152,-0.002438504051410036,-0.0025726349105756074,-0.00256488023508279,-0.0024039598735022152,-0.002443323819344213,-0.0024459881861973658,-0.0025303565934967206,-0.0025726349105756074,-0.0024039598735022152,-0.0025622265916703736,-0.002438504051410036,-0.0025864158687622105,-0.0024404930824677164,-0.002771111206352303,-0.0024459881861973658,-0.0024039598735022152
3,0.0009535015719025571,0.0010491731151686617,0.001859185333183817,0.0011352042281599169,0.0010585968639119194,0.0023253880505079674,0.001174974144450795,0.0008191410857028165,0.00018182154226456374,0.0009903819135336925,0.000853372026109828,0.001859185333183817,0.0010491665715621906,0.0023253880505079674,0.0010491731151686617,0.001859185333183817,0.0010585968639119194,0.000853372026109828,0.001202154324224778,0.001859185333183817,0.0023253880505079674,0.0009903819135336925,0.0010491731151686617,0.000853372026109828,0.001859185333183817,0.00018182154226456374,0.0010585968639119194,0.0010645065402442437,0.0011128310885957732,0.0013214508342047234,0.0009903819135336925,0.001859185333183817
4,-0.00045435757116967,-0.000356042443209289,-0.00029931992295234556,-0.0003021815675099218,-0.0004072170073150542,-0.00045886400021117636,-0.0005159766297088733,-0.0003482442454906023,-0.00029444980191247546,-0.0002851472477270673,-0.00036127860735917167,-0.00029931992295234556,-0.00024142140179282022,-0.00045886400021117636,-0.000356042443209289,-0.00029931992295234556,-0.0004072170073150542,-0.00036127860735917167,-0.00018105790345841223,-0.00029931992295234556,-0.00045886400021117636,-0.0002851472477270673,-0.000356042443209289,-0.00036127860735917167,-0.00029931992295234556,-0.00029444980191247546,-0.0004072170073150542,0.0003147637862494917,-0.00041377443335330035,-0.0003149248324051098,-0.0002851472477270673,-0.00029931992295234556
5,0.00019808277277253634,0.0001286252079611752,0.00020459380741110183,0.00015590948626402473,0.00015391822843927294,0.00010492205822068066,0.00014230887180023935,0.00016747066877514555,0.0005893988061004641,0.00015327764539381522,0.00012993096579268383,0.00020459380741110183,0.0001937958608798132,0.00010492205822068066,0.0001286252079611752,0.00020459380741110183,0.00015391822843927294,0.00012993096579268383,0.00018709967148122268,0.00020459380741110183,0.00010492205822068066,0.00015327764539381522,0.0001286252079611752,0.00012993096579268383,0.00020459380741110183,0.0005893988061004641,0.00015391822843927294,0.00018877811329106619,0.0001542333640486666,0.00026054444132996246,0.00015327764539381522,0.00020459380741110183
6,0.0001796552421062083,0.00020756396094138546,0.0003809161280190963,0.00023605635064837875,0.00020668950854077706,0.0002464193434906816,0.00022077866081399852,0.00022756341556290444,0.00019385460590620713,0.0002011930605840869,0.0002540426247938389,0.0003809161280190963,0.0005656450791066185,0.0002464193434906816,0.00020756396094138546,0.0003809161280190963,0.00020668950854077706,0.0002540426247938389,0.00012831879411785973,0.0003809161280190963,0.0002464193434906816,0.0002011930605840869,0.00020756396094138546,0.0002540426247938389,0.0003809161280190963,0.00019385460590620713,0.00020668950854077706,0.00011208399691214522,0.0001972480950255581,-8.420497430972949e-05,0.0002011930605840869,0.0003809161280190963
7,0.0010140143498361366,0.0011008435739578372,0.0013240153697572058,0.001022154526052176,0.001120671555674936,0.001076319407290903,0.0010615153135101725,0.00107193715271997,0.0012542818064504113,0.0011163334614780833,0.0010516159426151735,0.0013240153697572058,0.000645884914019788,0.001076319407290903,0.0011008435739578372,0.0013240153697572058,0.001120671555674936,0.0010516159426151735,0.0010189116519267116,0.0013240153697572058,0.001076319407290903,0.0011163334614780833,0.0011008435739578372,0.0010516159426151735,0.0013240153697572058,0.0012542818064504113,0.001120671555674936,0.0009858342613501736,0.000997451327624828,0.0015157117601809292,0.0011163334614780833,0.0013240153697572058
8,0.0056023133029312,-0.00416215837260242,0.0057124663748477035,-0.004574998480242746,-0.003889168370747943,-0.003881824459815658,0.005469185937651745,0.00567525713485081,0.005132414829184075,-0.003910785825341597,-0.0042092289583503,0.0057124663748477035,-0.005026629163118479,-0.003881824459815658,-0.00416215837260242,0.0057124663748477035,-0.003889168370747943,-0.0042092289583503,-0.004173047345826842,0.0057124663748477035,-0.003881824459815658,-0.003910785825341597,-0.00416215837260242,-0.0042092289583503,0.0057124663748477035,0.005132414829184075,-0.003889168370747943,0.00537702438211033,0.005697349438830634,0.0057099459777564775,-0.003910785825341597,0.0057124663748477035
9,0.0007110745355730378,0.0007400118085117938,0.0009195060241609023,0.0006750286761441075,0.0006739993901229471,0.0009385491017957963,0.000621928465993919,0.0007991098112119514,0.0006441118653396164,0.0007829515644768276,0.0006909761886995144,0.0009195060241609023,0.0007593523284324885,0.0009385491017957963,0.0007400118085117938,0.0009195060241609023,0.0006739993901229471,0.0006909761886995144,0.000773148411216892,0.0009195060241609023,0.0009385491017957963,0.0007829515644768276,0.0007400118085117938,0.0006909761886995144,0.0009195060241609023,0.0006441118653396164,0.0006739993901229471,0.0010360031662548185,0.0006812041259224302,0.0007403007591695742,0.0007829515644768276,0.0009195060241609023
10,0.004653951478399611,0.0045462855103757,0.004770308861844917,0.004312820849468756,0.004695293499629673,0.004685598796771327,0.004575258345726387,0.0046983361976789375,0.004391270312337497,0.004683101128646599,0.004560412266331939,0.004770308861844917,0.0041432525153591426,0.004685598796771327,0.0045462855103757,0.004770308861844917,0.004695293499629673,0.004560412266331939,0.0045005552852455675,0.004770308861844917,0.004685598796771327,0.004683101128646599,0.0045462855103757,0.004560412266331939,0.004770308861844917,0.004391270312337497,0.004695293499629673,0.004580537408267659,0.004719351456079232,0.004288873593602662,0.004683101128646599,0.004770308861844917
11,0.004545509024576189,-0.005557330205572761,-0.005337714226542082,-0.005782671852356404,-0.005413125537518206,-0.005424286192151414,-0.0055292074198157746,-0.005408300092912992,-0.005704755808505978,-0.005425032209197629,-0.005545077628451862,-0.005337714226542082,-0.005955565315501099,-0.005424286192151414,-0.005557330205572761,-0.005337714226542082,-0.005413125537518206,-0.005545077628451862,-0.00560603967836525,-0.005337714226542082,-0.005424286192151414,-0.005425032209197629,-0.005557330205572761,-0.005545077628451862,-0.005337714226542082,-0.005704755808505978,-0.005413125537518206,-0.005527125168208565,-0.005388017451067065,-0.005793861793295758,-0.005425032209197629,-0.005337714226542082
12,-1.8472201607762964e-05,0.00022406111071681802,0.00017503930275769916,0.00014007201488242028,2.725344451315902e-05,-4.463432462513669e-05,-0.000183139274489961,-1.08762384726678e-05,0.00017639665096054455,0.00022208801343301683,0.00010275047470840405,0.00017503930275769916,7.406554616481437e-05,-4.463432462513669e-05,0.00022406111071681802,0.00017503930275769916,2.725344451315902e-05,0.00010275047470840405,0.0002975759386044913,0.00017503930275769916,-4.463432462513669e-05,0.00022208801343301683,0.00022406111071681802,0.00010275047470840405,0.00017503930275769916,0.00017639665096054455,2.725344451315902e-05,0.0008601475542091598,0.00010059514061147935,0.00033868767709489,0.00022208801343301683,0.00017503930275769916
13,-0.0019111669052956975,-0.0018828598811155204,-0.0012562875771441368,-0.0014790771886904882,-0.0016626383092855303,-0.0015307992304021921,-0.0013114282407795412,-0.0024110263240207826,-0.004664617571322288,-0.0018674542455158112,-0.0022721308276185508,-0.0012562875771441368,-0.0017323604856024045,-0.0015307992304021921,-0.0018828598811155204,-0.0012562875771441368,-0.0016626383092855303,-0.0022721308276185508,-0.0012194844451905386,-0.0012562875771441368,-0.0015307992304021921,-0.0018674542455158112,-0.0018828598811155204,-0.0022721308276185508,-0.0012562875771441368,-0.004664617571322288,-0.0016626383092855303,-0.0011737104211226276,-0.0015227710730095973,-0.0012773156057881352,-0.0018674542455158112,-0.0012562875771441368
14,-0.0016972192062151175,-0.0009088428221894273,0.003217897073773454,-0.0004068454945713411,-0.0011805031520637044,-0.0016540954637377881,-0.00041051006565196964,-0.0023934081728035107,0.007927180193201265,-0.0016293446719232564,-0.0022916494716753596,0.003217897073773454,-0.0015441332110122591,-0.0016540954637377881,-0.0009088428221894273,0.003217897073773454,-0.0011805031520637044,-0.0022916494716753596,0.0034369581782566975,0.003217897073773454,-0.0016540954637377881,-0.0016293446719232564,-0.0009088428221894273,-0.0022916494716753596,0.003217897073773454,0.007927180193201265,-0.0011805031520637044,0.003971928581683998,0.0030591260765607366,0.000606744025104226,-0.0016293446719232564,0.003217897073773454
15,0.007054968879569354,0.006961864571200289,0.007092082745279265,0.006830540515842703,0.007034300191960873,0.006960509867351196,0.006996546394733714,0.007005306860737657,0.00695936967755979,0.007037796925482014,0.006806901581886945,0.007092082745279265,0.0069114246798419555,0.006960509867351196,0.006961864571200289,0.007092082745279265,0.007034300191960873,0.006806901581886945,0.0067850371728649375,0.007092082745279265,0.006960509867351196,0.007037796925482014,0.006961864571200289,0.006806901581886945,0.007092082745279265,0.00695936967755979,0.007034300191960873,0.007030570139028509,0.007074175990834012,0.0071098107142644265,0.007037796925482014,0.007092082745279265
16,0.006061645823417615,0.006654846930120172,0.006968441084999576,0.006646158621779149,0.006147211137558037,0.006039660857051661,0.005672683346480494,0.005941817152372792,0.00638736852257924,0.006557687738806877,0.006348791164462222,0.006968441084999576,0.006131434382361766,0.006039660857051661,0.006654846930120172,0.006968441084999576,0.006147211137558037,0.006348791164462222,0.0066626450868417664,0.006968441084999576,0.006039660857051661,0.006557687738806877,0.006654846930120172,0.006348791164462222,0.006968441084999576,0.00638736852257924,0.006147211137558037,0.0075660525213809265,0.006439957007567158,0.007397106799863093,0.006557687738806877,0.006968441084999576
17,-0.0003592760455683537,-0.00015030481172985022,-0.0009770269896804463,-0.00025368781455932727,-0.00032278769133787497,-0.0006789412889549843,-0.0011923835013353452,-0.00045540641586255625,-0.0013101073793840511,-0.00043365984423073803,0.0005099284318391776,-0.0009770269896804463,0.0002396475377647672,-0.0006789412889549843,-0.00015030481172985022,-0.0009770269896804463,-0.00032278769133787497,0.0005099284318391776,0.001213657307304658,-0.0009770269896804463,-0.0006789412889549843,-0.00043365984423073803,-0.00015030481172985022,0.0005099284318391776,-0.0009770269896804463,-0.0013101073793840511,-0.00032278769133787497,8.814480692263127e-05,-0.0005920560942266797,0.0011999575017815904,-0.00043365984423073803,-0.0009770269896804463
18,0.0016721742979764127,-0.00026919353439806793,-0.014105740117647824,-0.0012147291016687566,-0.00039794563380449985,-0.003910938867517222,-0.002910810034432737,0.004794977753161614,-0.008020471729458998,0.001432797670138167,0.004608262759337217,-0.014105740117647824,0.0020932768839216033,-0.003910938867517222,-0.00026919353439806793,-0.014105740117647824,-0.00039794563380449985,0.004608262759337217,-0.01713435019073836,-0.014105740117647824,-0.003910938867517222,0.001432797670138167,-0.00026919353439806793,0.004608262759337217,-0.014105740117647824,-0.008020471729458998,-0.00039794563380449985,-0.01916059700107278,-0.014048188711383205,-0.002639816239047376,0.001432797670138167,-0.014105740117647824
19,-0.003264025143848845,3.607531879901938e-05,-0.0030013012777887404,-0.005713767924795542,-0.0011311103614778028,-0.001608298202602944,-0.0028709696560577417,-0.0030956706027580887,0.0012291880917321082,-0.00023336720832591327,-0.00029884937733190797,-0.0030013012777887404,-0.00543971300385709,-0.001608298202602944,3.607531879901938e-05,-0.0030013012777887404,-0.0011311103614778028,-0.00029884937733190797,-0.00025666856777528034,-0.0030013012777887404,-0.001608298202602944,-0.00023336720832591327,3.607531879901938e-05,-0.00029884937733190797,-0.0030013012777887404,0.0012291880917321082,-0.0011311103614778028,0.004341412865127841,-0.002929189933976412,-0.004710069148243327,-0.00023336720832591327,-0.0030013012777887404
20,-0.11181617529193949,0.05041761877154427,-0.11542317794806291,-0.10699848369908226,0.05475507122672052,0.05320887721456969,-0.08033858864085652,-0.1088611805686857,0.03155272846445562,0.058894636652819826,0.0556226063713616,-0.11542317794806291,-0.1136727735816433,0.05320887721456969,0.05041761877154427,-0.11542317794806291,0.05475507122672052,0.0556226063713616,0.05508724811373014,-0.11542317794806291,0.05320887721456969,0.058894636652819826,0.05041761877154427,0.0556226063713616,-0.11542317794806291,0.03155272846445562,0.05475507122672052,0.0514983559980785,-0.11071109840318802,-0.10837256162594114,0.058894636652819826,-0.11542317794806291
21,0.0863078774942285,0.07631019428544573,0.09331899796466878,0.07053790844129358,0.08377041789203495,0.0827656961355659,0.09428361753458928,0.08320352977411886,0.05290453538422985,0.0867580474379801,0.08185845573863074,0.09331899796466878,0.07248127731169415,0.0827656961355659,0.07631019428544573,0.09331899796466878,0.08377041789203495,0.08185845573863074,0.08104687964003487,0.09331899796466878,0.0827656961355659,0.0867580474379801,0.07631019428544573,0.08185845573863074,0.09331899796466878,0.05290453538422985,0.08377041789203495,0.07789475052880769,0.08657102888116278,0.07040722585494075,0.0867580474379801,0.09331899796466878
22,-0.08682278562053039,-0.27643633346831414,0.2235895206947232,-0.07935281730903393,-0.29141651277555,-0.28408080602890406,0.11237443338686866,-0.08640456296446483,-0.20791632539088015,-0.3092379758606035,-0.2992410133006982,0.2235895206947232,-0.08163843373612839,-0.28408080602890406,-0.27643633346831414,0.2235895206947232,-0.29141651277555,-0.2992410133006982,-0.30076533391994725,0.2235895206947232,-0.28408080602890406,-0.3092379758606035,-0.27643633346831414,-0.2992410133006982,0.2235895206947232,-0.20791632539088015,-0.29141651277555,-0.280057892547158,-0.08733275174825623,-0.0792377355382122,-0.3092379758606035,0.2235895206947232
23,-0.26878374876351907,-0.2552139768806272,0.08414885918594377,-0.24512976752213658,-0.2563813365565758,-0.2512012840895795,0.048652209576469894,0.06617160831848654,-0.22530365605436597,-0.27517011828199084,-0.2741873058707551,0.08414885918594377,-0.27328812186331536,-0.2512012840895795,-0.2552139768806272,0.08414885918594377,-0.2563813365565758,-0.2741873058707551,-0.28217725305321295,0.08414885918594377,-0.2512012840895795,-0.27517011828199084,-0.2552139768806272,-0.2741873058707551,0.08414885918594377,-0.22530365605436597,-0.2563813365565758,-0.25460911240380946,0.07120494125925173,-0.24703040689498465,-0.27517011828199084,0.08414885918594377
24,0.17598873044043833,0.0586260259428386,0.293588555147914,0.1422405705265076,0.06600939610586916,0.06376181113468803,0.16592215248836073,0.1596694241982977,0.053406771589358734,0.059853082027309164,0.05646190974447311,0.293588555147914,0.15663854110704453,0.06376181113468803,0.0586260259428386,0.293588555147914,0.06600939610586916,0.05646190974447311,0.05399261994734873,0.293588555147914,0.06376181113468803,0.059853082027309164,0.0586260259428386,0.05646190974447311,0.293588555147914,0.053406771589358734,0.06600939610586916,0.06246487939082313,0.17355958788465173,0.14876915342913538,0.059853082027309164,0.293588555147914
25,-1.168230283827844,-0.8464872664343274,-1.2836892212696926,-1.049721113025729,-0.9600609568967404,0.1754670818679567,0.39974627554663306,-1.2284824839128567,-0.22949412697141772,-1.5425155514518205,-2.436406840575094,-1.2836892212696926,-1.4080894461298177,0.1754670818679567,-0.8464872664343274,-1.2836892212696926,-0.9600609568967404,-2.436406840575094,-1.8002338004418854,-1.2836892212696926,0.1754670818679567,-1.5425155514518205,-0.8464872664343274,-2.436406840575094,-1.2836892212696926,-0.22949412697141772,-0.9600609568967404,-1.4662795310089751,-1.5012921827084977,-1.4712045837124061,-1.5425155514518205,-1.2836892212696926
26,0.07126324069461192,0.7709928593799051,0.19428538591069727,0.671975773399629,0.6106014580008244,0.3450464217636856,0.09054720467213304,0.08058548539086723,0.43520396208959017,0.09803475953349863,0.8543988514837652,0.19428538591069727,0.0737740458707583,0.3450464217636856,0.7709928593799051,0.19428538591069727,0.6106014580008244,0.8543988514837652,0.8398574433186935,0.19428538591069727,0.3450464217636856,0.09803475953349863,0.7709928593799051,0.8543988514837652,0.19428538591069727,0.43520396208959017,0.6106014580008244,1.5037030530434432,0.46478585895477614,0.6867726137983464,0.09803475953349863,0.19428538591069727
27,2.007929130502869,2.572672796647987,2.612557513945513,2.462568391101251,2.1039602555628023,1.9580803659738937,1.6272639246282008,1.9456917721480556,2.3134842763470886,2.5301917893922643,2.2799569926549967,2.612557513945513,2.1892177155203134,1.9580803659738937,2.572672796647987,2.612557513945513,2.1039602555628023,2.2799569926549967,2.6888893834480783,2.612557513945513,1.9580803659738937,2.5301917893922643,2.572672796647987,2.2799569926549967,2.612557513945513,2.3134842763470886,2.1039602555628023,3.7694133513086374,2.3231543367484093,3.0156291296663027,2.5301917893922643,2.612557513945513
28,0.06835860276677076,0.6869790176823167,0.14924661966410943,0.3686402470513397,1.0474061368767358,0.5171096574732477,0.9992976776485838,0.27529820138917044,0.290059090713915,0.16741688309825764,0.380994551654915,0.14924661966410943,0.0835364773691704,0.5171096574732477,0.6869790176823167,0.14924661966410943,1.0474061368767358,0.380994551654915,0.3844700688449285,0.14924661966410943,0.5171096574732477,0.16741688309825764,0.6869790176823167,0.380994551654915,0.14924661966410943,0.290059090713915,1.0474061368767358,0.3972689496269146,0.9705306466492574,0.8743399506782301,0.16741688309825764,0.14924661966410943
29,-0.24297340430542338,1.7809341942765269,-0.36675977013648514,-0.2545090047530852,1.393697154809297,1.3117906160550512,-0.11502691967608013,-0.23483837622359446,1.0486721275866058,1.7209159466720274,1.6005690629700164,-0.36675977013648514,-0.15484589467769186,1.3117906160550512,1.7809341942765269,-0.36675977013648514,1.393697154809297,1.6005690629700164,1.685919746088914,-0.36675977013648514,1.3117906160550512,1.7209159466720274,1.7809341942765269,1.6005690629700164,-0.36675977013648514,1.0486721275866058,1.393697154809297,2.0073971435446656,-0.2304947255666177,-0.14576321903947478,1.7209159466720274,-0.36675977013648514
30,0.12332724376242357,-0.06176218172818343,0.12174111038806407,-0.27064636250019747,0.00020879364405328665,-0.2539330444762473,-0.2987990198178509,0.30556487440186886,-0.7677401744126532,-0.016194210144599906,0.10598687230339991,0.12174111038806407,0.11488188121368163,-0.2539330444762473,-0.06176218172818343,0.12174111038806407,0.00020879364405328665,0.10598687230339991,-0.32754589853554256,0.12174111038806407,-0.2539330444762473,-0.016194210144599906,-0.06176218172818343,0.10598687230339991,0.12174111038806407,-0.7677401744126532,0.00020879364405328665,-0.6583477045012905,0.3548067766615383,-0.4010250682725391,-0.016194210144599906,0.12174111038806407
31,1.0096759631527366,0.7614710609320435,1.4103926354968586,0.8013006946697409,0.737845602532384,1.4262084994257074,0.8365851756529226,1.251941985748162,0.6104208331647037,0.8860270697847492,0.728010147167255,1.4103926354968586,1.0823726393300854,1.4262084994257074,0.7614710609320435,1.4103926354968586,0.737845602532384,0.728010147167255,0.8143037346335923,1.4103926354968586,1.4262084994257074,0.8860270697847492,0.7614710609320435,0.728010147167255,1.4103926354968586,0.6104208331647037,0.737845602532384,1.1897025879744978,0.8767538766834146,0.8263918997712355,0.8860270697847492,1.4103926354968586
32,1.3502911894743068,1.4633747302040148,0.3609471051336513,1.419442083067091,1.5135015302068042,1.1872426719742089,0.620774484936067,1.1807283455068946,0.26688045588543574,1.2527446486244207,2.2143815000733857,0.3609471051336513,2.094882852324939,1.1872426719742089,1.4633747302040148,0.3609471051336513,1.5135015302068042,2.2143815000733857,2.6031672244386854,0.3609471051336513,1.1872426719742089,1.2527446486244207,1.4633747302040148,2.2143815000733857,0.3609471051336513,0.26688045588543574,1.5135015302068042,1.3107253843152709,0.936879943659325,3.2603139510098624,1.2527446486244207,0.3609471051336513
33,0.42747648646927267,0.6944024552921805,0.9028879141946086,0.5541382548584661,0.9063187897866136,0.2890724399778579,0.48700952535153297,0.7126920183419134,1.2444368870893487,1.4150043264333,1.007873135090359,0.9028879141946086,0.4852420106791356,0.2890724399778579,0.6944024552921805,0.9028879141946086,0.9063187897866136,1.007873135090359,0.9184889840550937,0.9028879141946086,0.2890724399778579,1.4150043264333,0.6944024552921805,1.007873135090359,0.9028879141946086,1.2444368870893487,0.9063187897866136,1.730301041717296,0.5112663328312911,0.5386611723557331,1.4150043264333,0.9028879141946086
34,-1.7455700397741352,-1.7411383154908113,-1.9542125099491747,-1.4563334778991797,-1.1967980690539148,-1.2217703662594344,-1.0329396671664046,-2.3780948945023486,-1.3262688745763023,-1.7272341227174333,-1.7929370945075742,-1.9542125099491747,-1.9755989145698907,-1.2217703662594344,-1.7411383154908113,-1.9542125099491747,-1.1967980690539148,-1.7929370945075742,-1.6966042434666015,-1.9542125099491747,-1.2217703662594344,-1.7272341227174333,-1.7411383154908113,-1.7929370945075742,-1.9542125099491747,-1.3262688745763023,-1.1967980690539148,-1.9979033059133702,-2.5628210083442085,-1.8414546925826867,-1.7272341227174333,-1.9542125099491747
35,0.5963706588915207,0.8003268017724198,0.42737430725018866,0.6964853280148704,0.40182934669095555,-0.05449943553911905,0.5224681888127325,0.6984659377552495,0.23856655022467652,0.7668608120719385,1.2863934504180945,0.42737430725018866,1.0159105645018172,-0.05449943553911905,0.8003268017724198,0.42737430725018866,0.40182934669095555,1.2863934504180945,1.1527554485281084,0.42737430725018866,-0.05449943553911905,0.7668608120719385,0.8003268017724198,1.2863934504180945,0.42737430725018866,0.23856655022467652,0.40182934669095555,1.1770834868298135,0.649582425075487,1.554185757124318,0.7668608120719385,0.42737430725018866
36,0.25175536203554794,0.16451998412720883,0.36408209492705057,0.18349109372884975,0.2022878322626104,-0.38418755844209634,-0.3281330010131823,0.3086189414031696,0.1457844844750092,0.24106268803838468,0.34099850578812796,0.36408209492705057,0.2778962300714291,-0.38418755844209634,0.16451998412720883,0.36408209492705057,0.2022878322626104,0.34099850578812796,0.30177918817817684,0.36408209492705057,-0.38418755844209634,0.24106268803838468,0.16451998412720883,0.34099850578812796,0.36408209492705057,0.1457844844750092,0.2022878322626104,0.22532458345497927,0.26996288121521916,0.25044010463652944,0.24106268803838468,0.36408209492705057
37,0.530985007893597,0.22357141157376445,0.7430308512852681,-0.0964687028458694,-0.06648007449955458,0.3780052858571661,0.05204895462736741,0.019307473524005074,-0.10468036792556258,0.5212384074152315,0.6900717178764382,0.7430308512852681,-0.2320536131678357,0.3780052858571661,0.22357141157376445,0.7430308512852681,-0.06648007449955458,0.6900717178764382,0.7435070948806074,0.7430308512852681,0.3780052858571661,0.5212384074152315,0.22357141157376445,0.6900717178764382,0.7430308512852681,-0.10468036792556258,-0.06648007449955458,0.584736940071864,-0.15101805400111065,-0.29027509453680217,0.5212384074152315,0.7430308512852681
38,0.0551343230235292,0.31593848129829644,0.12303754012022095,0.07107735887076744,0.10647124625084363,0.41624954567889433,0.1203885173869759,0.03109360673108227,0.6326565422711778,0.1210315407953836,0.19872488321788193,0.12303754012022095,0.11879308042102882,0.41624954567889433,0.31593848129829644,0.12303754012022095,0.10647124625084363,0.19872488321788193,0.1576812854995993,0.12303754012022095,0.41624954567889433,0.1210315407953836,0.31593848129829644,0.19872488321788193,0.12303754012022095,0.6326565422711778,0.10647124625084363,0.6894246509012393,0.9970182528730787,0.1165837289970825,0.1210315407953836,0.12303754012022095
39,-0.338960631396814,-0.44869890879454166,-0.2787374898119842,-0.437065568808313,-0.5345007025260075,-0.948247582034113,-0.09203718363975581,-0.5862922830252737,-0.04255227078886271,-0.6150445185764808,-0.5202292640289476,-0.2787374898119842,-0.12536490589846844,-0.948247582034113,-0.44869890879454166,-0.2787374898119842,-0.5345007025260075,-0.5202292640289476,-0.6023903626214683,-0.2787374898119842,-0.948247582034113,-0.6150445185764808,-0.44869890879454166,-0.5202292640289476,-0.2787374898119842,-0.04255227078886271,-0.5345007025260075,-0.34844125046049945,-0.30037581678830855,-0.2407914121504514,-0.6150445185764808,-0.2787374898119842
40,0.047246865925658584,1.0557056176207016,-0.5661796369423239,1.052868713898112,0.9014818010061372,0.5602383608398058,0.7335057971148363,-0.13615689753050758,1.338089957830143,1.403921358826132,1.2328737698807974,-0.5661796369423239,-0.04539199171644419,0.5602383608398058,1.0557056176207016,-0.5661796369423239,0.9014818010061372,1.2328737698807974,1.2384171521421827,-0.5661796369423239,0.5602383608398058,1.403921358826132,1.0557056176207016,1.2328737698807974,-0.5661796369423239,1.338089957830143,0.9014818010061372,1.451079372250648,-0.1594684488564077,1.542657801750269,1.403921358826132,-0.5661796369423239
41,1.524779955009829,1.0518906413633868,1.6835697353063337,1.2345040599060721,1.16400504115005,1.2175599893799594,0.8418706184838838,1.2900909895307147,0.8536901258791417,0.9538561869142674,1.0001899975869992,1.6835697353063337,1.3484234623358924,1.2175599893799594,1.0518906413633868,1.6835697353063337,1.16400504115005,1.0001899975869992,1.2980631687351305,1.6835697353063337,1.2175599893799594,0.9538561869142674,1.0518906413633868,1.0001899975869992,1.6835697353063337,0.8536901258791417,1.16400504115005,0.9189393613255894,1.4234221067182171,1.6237746119325331,0.9538561869142674,1.6835697353063337
42,-0.08448295960161488,0.16948159654056763,0.10293161326606162,0.48568744044206674,-0.07360786811098086,-0.6172855033708368,-0.2790016396930453,-0.01795372434427725,0.6110727162445095,0.15250139860568906,1.397537329313019,0.10293161326606162,-0.3104194145345106,-0.6172855033708368,0.16948159654056763,0.10293161326606162,-0.07360786811098086,1.397537329313019,1.1187319673493796,0.10293161326606162,-0.6172855033708368,0.15250139860568906,0.16948159654056763,1.397537329313019,0.10293161326606162,0.6110727162445095,-0.07360786811098086,0.7362276150725333,-0.37511898013824835,-0.19878892635719736,0.15250139860568906,0.10293161326606162
43,1.7838761691267522,1.8940634246226853,2.1532963983328757,1.8773260272583148,1.608818958070768,0.4466891067644799,0.26581268980416567,2.070162335200955,1.1272103327113825,1.7605710878637089,1.8124089812429482,2.1532963983328757,1.9905097973763088,0.4466891067644799,1.8940634246226853,2.1532963983328757,1.608818958070768,1.8124089812429482,2.4017749051277497,2.1532963983328757,0.4466891067644799,1.7605710878637089,1.8940634246226853,1.8124089812429482,2.1532963983328757,1.1272103327113825,1.608818958070768,1.6920494382847282,1.7526634756030115,1.8649647268537193,1.7605710878637089,2.1532963983328757
44,0.43915041359422763,0.5489065019766315,0.6911264073786052,0.666819967201066,0.3600672418118712,0.4821144930237168,0.2423110782748955,0.8166349537819677,0.42793360774627537,0.6454543045477051,0.8280337258155684,0.6911264073786052,0.7479692810281485,0.4821144930237168,0.5489065019766315,0.6911264073786052,0.3600672418118712,0.8280337258155684,0.9608405187186356,0.6911264073786052,0.4821144930237168,0.6454543045477051,0.5489065019766315,0.8280337258155684,0.6911264073786052,0.42793360774627537,0.3600672418118712,0.7248141340449961,0.5101367837117807,0.7656702132592926,0.6454543045477051,0.6911264073786052
45,0.5046050291084905,0.1861349339058112,0.07845332630572337,0.4631631347863947,0.16481546106394976,-0.3566762519982819,0.9193966784348573,0.49616719862702896,0.15929416959342896,0.505656305793905,1.165016442730353,0.07845332630572337,0.8589613679620887,-0.3566762519982819,0.1861349339058112,0.07845332630572337,0.16481546106394976,1.165016442730353,0.829331045564255,0.07845332630572337,-0.3566762519982819,0.505656305793905,0.1861349339058112,1.165016442730353,0.07845332630572337,0.15929416959342896,0.16481546106394976,0.9925248366932383,0.357644319472304,1.476993826100809,0.505656305793905,0.07845332630572337
46,0.8886689942186576,0.11699462032579182,0.9824913961125381,1.292798391329376,0.412273717489127,-1.1442655814367046,-0.7206817899484284,1.6085450331378683,1.1074280018317562,0.9069364227838403,1.764037177686232,0.9824913961125381,1.383609330406203,-1.1442655814367046,0.11699462032579182,0.9824913961125381,0.412273717489127,1.764037177686232,1.8511366354303052,0.9824913961125381,-1.1442655814367046,0.9069364227838403,0.11699462032579182,1.764037177686232,0.9824913961125381,1.1074280018317562,0.412273717489127,1.0930402822748124,1.5249462279104664,2.2763364689116363,0.9069364227838403,0.9824913961125381
47,1.8000111071953613,1.5688156022402044,1.6734557222427173,1.3936902263114002,1.2283844725938162,0.09711077223930038,1.0180478058797366,1.6245343862094723,0.8064914737579781,2.0665549243576544,2.1482165062919734,1.6734557222427173,2.1034902227187136,0.09711077223930038,1.5688156022402044,1.6734557222427173,1.2283844725938162,2.1482165062919734,2.1237847718551515,1.6734557222427173,0.09711077223930038,2.0665549243576544,1.5688156022402044,2.1482165062919734,1.6734557222427173,0.8064914737579781,1.2283844725938162,1.7476950709702839,2.2511457814465983,2.4832519981009264,2.0665549243576544,1.6734557222427173
48,0.3980297780020232,0.6031916219803113,0.6529541892878085,0.597653859420345,0.101871651093508,1.4447806823841505,1.2718654909707408,0.49699662282958246,0.45034510093303004,0.5915714660534706,0.4122124200806909,0.6529541892878085,0.4064158483582792,1.4447806823841505,0.6031916219803113,0.6529541892878085,0.101871651093508,0.4122124200806909,0.5074151259474766,0.6529541892878085,1.4447806823841505,0.5915714660534706,0.6031916219803113,0.4122124200806909,0.6529541892878085,0.45034510093303004,0.101871651093508,0.813087404649095,0.47284109616153047,0.3702937836137258,0.5915714660534706,0.6529541892878085
49,-1.2111436901634522,-1.0006438557758788,-1.3126969512093707,-0.9458778981209287,-0.6856240038528995,-1.038349238532501,1.304244481223108,-1.5270365006028457,-0.34482649943443755,-0.4841821285746595,-0.5885857700040228,-1.3126969512093707,-1.1823318373661105,-1.038349238532501,-1.0006438557758788,-1.3126969512093707,-0.6856240038528995,-0.5885857700040228,-0.7011770498794828,-1.3126969512093707,-1.038349238532501,-0.4841821285746595,-1.0006438557758788,-0.5885857700040228,-1.3126969512093707,-0.34482649943443755,-0.6856240038528995,0.6900535305170128,-1.210337464872117,-0.280433048113173,-0.4841821285746595,-1.3126969512093707
50,1.4458639035123948,0.6477298905959238,1.9097469714597315,1.2246518154810553,0.2664772781673326,1.1720081985876536,1.2391261973579124,1.2097776753886549,0.31560699587148006,0.5494301947065144,0.5608589929397758,1.9097469714597315,1.1782827145876786,1.1720081985876536,0.6477298905959238,1.9097469714597315,0.2664772781673326,0.5608589929397758,0.5481570409919999,1.9097469714597315,1.1720081985876536,0.5494301947065144,0.6477298905959238,0.5608589929397758,1.9097469714597315,0.31560699587148006,0.2664772781673326,0.7549562322377319,1.1393187395321134,1.0445469484664953,0.5494301947065144,1.9097469714597315
51,0.7638570474604911,1.0916333885126241,0.16014115535940224,0.6073316987093171,0.38219107738622615,0.696058207763482,0.5470311082495919,-0.09856242791552688,0.650691667416361,0.3074224830086532,0.2602479597219817,0.16014115535940224,0.1620335364121555,0.696058207763482,1.0916333885126241,0.16014115535940224,0.38219107738622615,0.2602479597219817,0.5293562622207447,0.16014115535940224,0.696058207763482,0.3074224830086532,1.0916333885126241,0.2602479597219817,0.16014115535940224,0.650691667416361,0.38219107738622615,-0.4566491038478062,0.36083057134038604,0.09352196564141911,0.3074224830086532,0.16014115535940224
52,-0.3647726634837755,-0.3588315617947211,0.3306750080093025,-0.34600888015728576,-0.39911322061186133,0.1381732840888273,0.46117562959077696,0.4664874251817582,-1.589762056082751,-0.4564141977035788,-0.6143834609337998,0.3306750080093025,0.08314623516833893,0.1381732840888273,-0.3588315617947211,0.3306750080093025,-0.39911322061186133,-0.6143834609337998,-0.4563993599122911,0.3306750080093025,0.1381732840888273,-0.4564141977035788,-0.3588315617947211,-0.6143834609337998,0.3306750080093025,-1.589762056082751,-0.39911322061186133,0.3323514790791435,-0.35155361205162905,-0.2751299731499082,-0.4564141977035788,0.3306750080093025
53,0.8692917437827122,1.0366346904752988,0.7682957404074057,0.9186139998270709,0.7478701456742695,0.4998546288652519,0.5816380717774998,1.1630618563642119,0.5127973832252198,0.961075279548983,0.8965829950333992,0.7682957404074057,0.9080992539830135,0.4998546288652519,1.0366346904752988,0.7682957404074057,0.7478701456742695,0.8965829950333992,0.9697114979481986,0.7682957404074057,0.4998546288652519,0.961075279548983,1.0366346904752988,0.8965829950333992,0.7682957404074057,0.5127973832252198,0.7478701456742695,0.5720677531201558,0.7422679209121166,0.6946684807655299,0.961075279548983,0.7682957404074057
54,1.5638979844728198,0.8288415333514102,1.3354286785976446,1.3066743740363918,0.47506391127593156,1.2080456671091664,1.1813302651684519,1.283697663314736,0.47289445272769437,0.7931287925787831,0.8084570172427885,1.3354286785976446,1.1836551982898693,1.2080456671091664,0.8288415333514102,1.3354286785976446,0.47506391127593156,0.8084570172427885,0.7050882240735858,1.3354286785976446,1.2080456671091664,0.7931287925787831,0.8288415333514102,0.8084570172427885,1.3354286785976446,0.47289445272769437,0.47506391127593156,0.8225482106909657,1.3423098214240823,1.11497639425018,0.7931287925787831,1.3354286785976446
55,0.04684612219083737,0.17881459842608396,-0.25114682572942437,0.1931555303040666,-0.005406209179278681,-0.2646651390510221,0.6941271866188532,-0.21970451257183024,-0.1114064805166944,-0.01803210484809256,0.6142931874327994,-0.25114682572942437,0.40827931390908223,-0.2646651390510221,0.17881459842608396,-0.25114682572942437,-0.005406209179278681,0.6142931874327994,0.4155269512279516,-0.25114682572942437,-0.2646651390510221,-0.01803210484809256,0.17881459842608396,0.6142931874327994,-0.25114682572942437,-0.1114064805166944,-0.005406209179278681,0.44705561194280596,0.187334957250232,0.9660421193125975,-0.01803210484809256,-0.25114682572942437
56,0.675291446843755,0.19967257221797638,0.16826138259182025,0.5697091121723573,0.3421025520603697,-0.1301940888544727,0.6534392167796683,0.6760998503925981,0.15628714929201892,0.4532438120509167,1.1299348184963633,0.16826138259182025,0.8151777267474866,-0.1301940888544727,0.19967257221797638,0.16826138259182025,0.3421025520603697,1.1299348184963633,0.7411919064044427,0.16826138259182025,-0.1301940888544727,0.4532438120509167,0.19967257221797638,1.1299348184963633,0.16826138259182025,0.15628714929201892,0.3421025520603697,0.8036801283106749,0.3000841564268364,1.3946009062499611,0.4532438120509167,0.16826138259182025
57,0.4707620262243227,0.7983714844096593,0.018539385386135917,0.5393836735681506,0.31241098614761875,0.3639985660341349,1.167881096752582,0.6251322361013887,0.36772749668370996,0.8367197431743382,0.6095098880487623,0.018539385386135917,0.5813883208060021,0.3639985660341349,0.7983714844096593,0.018539385386135917,0.31241098614761875,0.6095098880487623,0.7583398778516139,0.018539385386135917,0.3639985660341349,0.8367197431743382,0.7983714844096593,0.6095098880487623,0.018539385386135917,0.36772749668370996,0.31241098614761875,1.1764473439334722,0.6704699264043182,1.094382803602234,0.8367197431743382,0.018539385386135917
58,0.47613881789800666,0.2632925623212885,0.5559628921440178,0.23149083467288437,0.4348819015870993,0.08820400623659216,0.1095953987557654,0.20940528332943273,0.33709254568460006,0.6495227137132925,0.3319862773487862,0.5559628921440178,0.41826757195688646,0.08820400623659216,0.2632925623212885,0.5559628921440178,0.4348819015870993,0.3319862773487862,0.25912933107313657,0.5559628921440178,0.08820400623659216,0.6495227137132925,0.2632925623212885,0.3319862773487862,0.5559628921440178,0.33709254568460006,0.4348819015870993,0.14825855569464622,0.5182968290478874,0.40566982480457286,0.6495227137132925,0.5559628921440178
59,-0.9370420889536438,-0.5123353638641036,-0.5620155833023172,-0.28669988329316176,-0.37950824543584466,0.2658819932867908,-0.00856757822344488,-0.4835821514795001,-1.3795243663526127,-0.5238321384386148,-0.27497447091966215,-0.5620155833023172,-0.10429653272800868,0.2658819932867908,-0.5123353638641036,-0.5620155833023172,-0.37950824543584466,-0.27497447091966215,-0.12628356106917163,-0.5620155833023172,0.2658819932867908,-0.5238321384386148,-0.5123353638641036,-0.27497447091966215,-0.5620155833023172,-1.3795243663526127,-0.37950824543584466,0.06592336682431538,-0.0075996331539750425,0.5047336338863395,-0.5238321384386148,-0.5620155833023172
60,-2.018732139627061,-1.2867362965123634,-1.8743539839915817,-1.2863015077375732,-1.08029607684174,-1.0360246082930384,-0.9307488262648613,-2.1514341205375223,-0.8430422552032872,-2.0669140749929413,-1.316291764581614,-1.8743539839915817,-1.3162193870142063,-1.0360246082930384,-1.2867362965123634,-1.8743539839915817,-1.08029607684174,-1.316291764581614,-1.4661553952836637,-1.8743539839915817,-1.0360246082930384,-2.0669140749929413,-1.2867362965123634,-1.316291764581614,-1.8743539839915817,-0.8430422552032872,-1.08029607684174,-0.8190273667649216,-2.497555872268894,-0.9807407194719536,-2.0669140749929413,-1.8743539839915817
61,-1.1317665096096627,-1.339535647640518,-1.2909879973031977,-1.09564349128294,-2.3447415174563258,-0.46025167708957376,-0.3511255900816475,-1.240806731574335,-0.7673880498893318,1.0514590457799096,-1.328848608765464,-1.2909879973031977,-1.096942705982384,-0.46025167708957376,-1.339535647640518,-1.2909879973031977,-2.3447415174563258,-1.328848608765464,-1.0890807672284604,-1.2909879973031977,-0.46025167708957376,1.0514590457799096,-1.339535647640518,-1.328848608765464,-1.2909879973031977,-0.7673880498893318,-2.3447415174563258,0.7644766849369288,0.8896615862662796,-0.9809659391977362,1.0514590457799096,-1.2909879973031977
62,0.1928155072355127,0.5213739531214754,0.1522004446166394,0.315993466316917,0.35058000247283827,1.5074754197495508,0.519437208567142,0.04623564367690525,0.014100343396332989,0.24248159504201672,0.2385735360861723,0.1522004446166394,0.19581615851632697,1.5074754197495508,0.5213739531214754,0.1522004446166394,0.35058000247283827,0.2385735360861723,0.4444846215929536,0.1522004446166394,1.5074754197495508,0.24248159504201672,0.5213739531214754,0.2385735360861723,0.1522004446166394,0.014100343396332989,0.35058000247283827,0.39833662853176893,0.03457714514799975,0.21175198871105216,0.24248159504201672,0.1522004446166394
63,-0.7638156421922867,-0.9276141546969726,-1.4697672539786741,-0.8517137700306898,-0.6340009542262527,-0.7532701151211256,1.2761141232757882,0.8659296712193797,-0.880144027878478,-1.542600299996965,1.2397298308838507,-1.4697672539786741,-0.9133620357687111,-0.7532701151211256,-0.9276141546969726,-1.4697672539786741,-0.6340009542262527,1.2397298308838507,-1.1909653496205412,-1.4697672539786741,-0.7532701151211256,-1.542600299996965,-0.9276141546969726,1.2397298308838507,-1.4697672539786741,-0.880144027878478,-0.6340009542262527,0.6158015081569128,1.3227935718074684,-1.1585947691739233,-1.542600299996965,-1.4697672539786741
64,-0.4001639022958758,-0.6806199089023408,-0.43229250561741456,-0.4792292251789847,-1.0084450795700508,-0.3411257474167628,-0.6392160489406983,-0.5092682780691207,-0.46788139405442275,-0.8584839359018269,-0.7987621584922976,-0.43229250561741456,-0.3988026222856896,-0.3411257474167628,-0.6806199089023408,-0.43229250561741456,-1.0084450795700508,-0.7987621584922976,-0.6623960285407674,-0.43229250561741456,-0.3411257474167628,-0.8584839359018269,-0.6806199089023408,-0.7987621584922976,-0.43229250561741456,-0.46788139405442275,-1.0084450795700508,-0.5648081710027771,-0.1994288325911161,-0.4434515774494336,-0.8584839359018269,-0.43229250561741456
65,1.0378112247071771,0.771297506752328,1.3162378836768827,1.092336838655908,0.8803314633762612,-0.4838241167076966,0.40915089443879216,1.1942953040204494,0.9268538949751265,1.1821596556290375,0.9558166143730694,1.3162378836768827,0.8419658097509829,-0.4838241167076966,0.771297506752328,1.3162378836768827,0.8803314633762612,0.9558166143730694,1.5800412178459748,1.3162378836768827,-0.4838241167076966,1.1821596556290375,0.771297506752328,0.9558166143730694,1.3162378836768827,0.9268538949751265,0.8803314633762612,0.5663120299440536,1.4178914161514267,1.1003606821021434,1.1821596556290375,1.3162378836768827
66,-0.014896864166035808,0.5362425956749887,0.11347122575119092,0.3497852798478672,0.5187315017155164,0.11429358942931396,0.004476568620068761,0.3142961825121751,0.18981105105686172,0.03711069002400009,0.5484913997255153,0.11347122575119092,0.16578739883771063,0.11429358942931396,0.5362425956749887,0.11347122575119092,0.5187315017155164,0.5484913997255153,0.2178973639557677,0.11347122575119092,0.11429358942931396,0.03711069002400009,0.5362425956749887,0.5484913997255153,0.11347122575119092,0.18981105105686172,0.5187315017155164,0.146576947187853,0.0802445028254898,0.05299393513312666,0.03711069002400009,0.11347122575119092
67,-0.38914047766183313,-0.08561579205593078,-0.81873597257033,-0.20321190726890223,-0.2050120531522067,0.9158635996487657,1.1550069466991608,-0.5486569237540432,-0.3263290757238348,-0.2832322638932884,-0.3239194970179093,-0.81873597257033,-0.47066638683871315,0.9158635996487657,-0.08561579205593078,-0.81873597257033,-0.2050120531522067,-0.3239194970179093,-0.3587874074658492,-0.81873597257033,0.9158635996487657,-0.2832322638932884,-0.08561579205593078,-0.3239194970179093,-0.81873597257033,-0.3263290757238348,-0.2050120531522067,-0.21180067724818138,-0.8428709940479427,-0.151783468186756,-0.2832322638932884,-0.81873597257033
68,0.27634551832302356,0.01161961290138994,-0.31443128573792584,0.07821104649354431,-0.3059384060587119,-0.7039388552482377,0.4283779330459756,0.1226365529131233,-0.05766038068823768,-0.00751449950623225,0.7300283038486454,-0.31443128573792584,0.627920923908813,-0.7039388552482377,0.01161961290138994,-0.31443128573792584,-0.3059384060587119,0.7300283038486454,0.4243929891033776,-0.31443128573792584,-0.7039388552482377,-0.00751449950623225,0.01161961290138994,0.7300283038486454,-0.31443128573792584,-0.05766038068823768,-0.3059384060587119,0.4567365969027945,0.05172437425103038,1.0691078445031068,-0.00751449950623225,-0.31443128573792584
69,-1.9101286409463805,0.6934685393308239,-2.030669285364051,0.732998392952015,0.8774729175016936,-0.6214477890911758,0.2863927742625981,-1.6099090812624708,1.5524089436121102,1.7267251311703753,0.9668065884137362,-2.030669285364051,-1.886423670502486,-0.6214477890911758,0.6934685393308239,-2.030669285364051,0.8774729175016936,0.9668065884137362,1.1628550966550433,-2.030669285364051,-0.6214477890911758,1.7267251311703753,0.6934685393308239,0.9668065884137362,-2.030669285364051,1.5524089436121102,0.8774729175016936,1.5712611792751485,-1.843437035657762,0.769736658550665,1.7267251311703753,-2.030669285364051
70,-0.49117115148585705,-0.7760047156889275,-0.6998001113915746,-0.5725532637519402,-0.7754203110213234,0.020900437026554263,-0.04627329606006668,-0.7008655749470539,-0.35302848185141916,-0.6718778144693819,-0.6623346083723899,-0.6998001113915746,-0.6286438237454623,0.020900437026554263,-0.7760047156889275,-0.6998001113915746,-0.7754203110213234,-0.6623346083723899,-0.7231141391792247,-0.6998001113915746,0.020900437026554263,-0.6718778144693819,-0.7760047156889275,-0.6623346083723899,-0.6998001113915746,-0.35302848185141916,-0.7754203110213234,-0.4246569567847313,-0.34081372763719,-0.6390310960313422,-0.6718778144693819,-0.6998001113915746
71,0.11602746696455259,0.4436779483440767,-0.3209252605487679,0.4671221505404786,0.057552565830508565,-0.42319886451175126,0.9004313052776857,-0.1296037602016616,0.14012472652673647,0.1708396997833089,1.1639660253233781,-0.3209252605487679,0.7841505799040179,-0.42319886451175126,0.4436779483440767,-0.3209252605487679,0.057552565830508565,1.1639660253233781,0.9596648442687706,-0.3209252605487679,-0.42319886451175126,0.1708396997833089,0.4436779483440767,1.1639660253233781,-0.3209252605487679,0.14012472652673647,0.057552565830508565,0.8764737574989888,0.3436767655810957,1.6465753411163733,0.1708396997833089,-0.3209252605487679
72,0.6490646497573243,0.6514614524221936,0.6730471112847637,0.5964158675797003,0.49926138179171947,-0.20729189120967126,-0.062127986207339454,0.7203066528916944,0.20277245900015653,0.6385321022611037,0.8042138679750955,0.6730471112847637,0.6118764343952794,-0.20729189120967126,0.6514614524221936,0.6730471112847637,0.49926138179171947,0.8042138679750955,0.7155851423773791,0.6730471112847637,-0.20729189120967126,0.6385321022611037,0.6514614524221936,0.8042138679750955,0.6730471112847637,0.20277245900015653,0.49926138179171947,0.39615419380065453,0.7894275002083512,0.6770957533459816,0.6385321022611037,0.6730471112847637
73,0.33102641449421727,0.3126825165594466,0.2767539199244467,0.49532175924916927,-1.3062771357809921,-0.7874420191555558,-1.4534898543306989,0.8193405168870266,0.7801071116071563,0.1472119887783468,0.3601117178059261,0.2767539199244467,0.42887879411514496,-0.7874420191555558,0.3126825165594466,0.2767539199244467,-1.3062771357809921,0.3601117178059261,0.2462455978186216,0.2767539199244467,-0.7874420191555558,0.1472119887783468,0.3126825165594466,0.3601117178059261,0.2767539199244467,0.7801071116071563,-1.3062771357809921,-0.2489827109861555,-1.6290254988565303,-1.3761838082490054,0.1472119887783468,0.2767539199244467
74,-1.0273981580399196,-1.1881336551181831,-1.0107328804510967,-1.0006641380410242,-1.139213912914011,-1.4033648860913004,-1.2002142039394883,-1.2158136273878213,-0.6670863560110903,-0.918032438090504,-0.8654962658359081,-1.0107328804510967,-0.9041003050114076,-1.4033648860913004,-1.1881336551181831,-1.0107328804510967,-1.139213912914011,-0.8654962658359081,-1.0963690682036342,-1.0107328804510967,-1.4033648860913004,-0.918032438090504,-1.1881336551181831,-0.8654962658359081,-1.0107328804510967,-0.6670863560110903,-1.139213912914011,-0.8656638444826532,-1.403199497174539,-0.7039894656773417,-0.918032438090504,-1.0107328804510967
75,-0.937645035476829,-1.2266666493313316,-1.1773116482443973,-0.6436846888659857,-0.4071820798574492,-1.2977386836437488,-1.4788840446248117,-1.7381091712146657,-0.8861789364242723,-0.803930874463139,-1.6168769664298308,-1.1773116482443973,-0.8538730871916631,-1.2977386836437488,-1.2266666493313316,-1.1773116482443973,-0.4071820798574492,-1.6168769664298308,-0.8641628427318265,-1.1773116482443973,-1.2977386836437488,-0.803930874463139,-1.2266666493313316,-1.6168769664298308,-1.1773116482443973,-0.8861789364242723,-0.4071820798574492,0.08858433012507065,-1.2644490938609037,-0.3207026035990007,-0.803930874463139,-1.1773116482443973
76,-3.360983700395671,-0.5589029123259425,-3.3777983226976938,-0.2414315056959924,-0.27023988239136343,-0.6730171670499518,-0.8192055098309742,-3.3089119765930777,-0.024025782109783313,-3.3902158604879356,-0.19769044210880146,-3.3777983226976938,-3.2987916970386117,-0.6730171670499518,-0.5589029123259425,-3.3777983226976938,-0.27023988239136343,-0.19769044210880146,-0.09602533394141974,-3.3777983226976938,-0.6730171670499518,-3.3902158604879356,-0.5589029123259425,-0.19769044210880146,-3.3777983226976938,-0.024025782109783313,-0.27023988239136343,-0.3572029347927231,-3.301097612500548,-0.0002798347524040145,-3.3902158604879356,-3.3777983226976938
77,-0.6512814830646371,-0.49459016739388467,-0.9416456095856135,-0.6213331257614038,-0.5183861110075645,-0.4713259149750487,0.28892397711425855,-0.9120022597465278,-0.43139839053950446,-0.8281915070846831,-0.6053871214781293,-0.9416456095856135,-0.7207410926788733,-0.4713259149750487,-0.49459016739388467,-0.9416456095856135,-0.5183861110075645,-0.6053871214781293,-0.623930715961225,-0.9416456095856135,-0.4713259149750487,-0.8281915070846831,-0.49459016739388467,-0.6053871214781293,-0.9416456095856135,-0.43139839053950446,-0.5183861110075645,-0.4311971419466691,-0.8439116619843042,-0.5106050977785729,-0.8281915070846831,-0.9416456095856135
78,0.5214258659145281,0.4452299858754177,0.933243035551653,0.4996204133959145,0.33749843726393697,0.2529066149619989,0.6086698430627384,0.6593849209373106,0.49045850983712413,0.7053490087937083,0.589387676896824,0.933243035551653,0.5740088049535393,0.2529066149619989,0.4452299858754177,0.933243035551653,0.33749843726393697,0.589387676896824,0.6034646974645314,0.933243035551653,0.2529066149619989,0.7053490087937083,0.4452299858754177,0.589387676896824,0.933243035551653,0.49045850983712413,0.33749843726393697,0.192761922822383,0.4583635724143985,0.5736257427980713,0.7053490087937083,0.933243035551653
79,0.36741137231910465,0.5246787879576039,-0.14072800295101964,0.3028559479990264,-0.07089821080000774,1.1485119825066847,0.1443464376043678,0.4400747612000829,0.15933076812876598,0.15775257732088857,0.05414162267433026,-0.14072800295101964,0.07811997105509157,1.1485119825066847,0.5246787879576039,-0.14072800295101964,-0.07089821080000774,0.05414162267433026,0.2621183081673321,-0.14072800295101964,1.1485119825066847,0.15775257732088857,0.5246787879576039,0.05414162267433026,-0.14072800295101964,0.15933076812876598,-0.07089821080000774,0.6035635864260602,0.8139558333346065,0.24464167968874637,0.15775257732088857,-0.14072800295101964
80,-0.042661631287429586,0.030150608064551748,0.17542517210696654,0.07295034831484475,-0.27387767880535957,0.33220140128504455,0.22085712618198383,0.2536130193081269,-0.22439376630470334,-0.058438752460498414,-0.12740471827325808,0.17542517210696654,0.0764993086618207,0.33220140128504455,0.030150608064551748,0.17542517210696654,-0.27387767880535957,-0.12740471827325808,-0.13719082366847254,0.17542517210696654,0.33220140128504455,-0.058438752460498414,0.030150608064551748,-0.12740471827325808,0.17542517210696654,-0.22439376630470334,-0.27387767880535957,0.5155189316703314,-0.27831436898542405,0.27283529553829944,-0.058438752460498414,0.17542517210696654
81,1.4252385434067067,0.5327792281934576,1.5538474443903063,0.3120892100669542,0.3599433124612578,0.2092992873124411,-0.40105845831869846,1.417078900617752,0.28358908248965864,1.478333707010646,0.3790236619460321,1.5538474443903063,1.362647560204603,0.2092992873124411,0.5327792281934576,1.5538474443903063,0.3599433124612578,0.3790236619460321,0.35637200478466347,1.5538474443903063,0.2092992873124411,1.478333707010646,0.5327792281934576,0.3790236619460321,1.5538474443903063,0.28358908248965864,0.3599433124612578,0.3894251941943758,1.8123103348031426,0.16485531423104502,1.478333707010646,1.5538474443903063
82,0.34225622669070765,0.028815257084691577,0.7610187315764151,0.6771201721002514,0.47053431930360967,-0.6628231670546119,-0.28122066153276976,0.6871621559715028,0.7840415014426605,0.5379620733730861,1.148874545651403,0.7610187315764151,0.8284490303343811,-0.6628231670546119,0.028815257084691577,0.7610187315764151,0.47053431930360967,1.148874545651403,1.043632391138001,0.7610187315764151,-0.6628231670546119,0.5379620733730861,0.028815257084691577,1.148874545651403,0.7610187315764151,0.7840415014426605,0.47053431930360967,0.5597461841392322,0.7838778258821733,0.9685169579544234,0.5379620733730861,0.7610187315764151
83,-2.4834519139670936,-3.377049047762297,-2.783117976702365,-3.043883155366947,-2.7520724195046045,-2.537980463316729,0.9944415611875969,-2.6666887571101285,-3.0374058661847685,-3.635718223735598,-3.348416611911999,-2.783117976702365,-2.756508829558619,-2.537980463316729,-3.377049047762297,-2.783117976702365,-2.7520724195046045,-3.348416611911999,-3.6766823668049433,-2.783117976702365,-2.537980463316729,-3.635718223735598,-3.377049047762297,-3.348416611911999,-2.783117976702365,-3.0374058661847685,-2.7520724195046045,0.8573219660468029,0.492605854133791,0.6925255823578751,-3.635718223735598,-2.783117976702365
84,0.2652038383091069,0.7074286034170678,0.14325236636958555,0.38713950449994755,0.2553103070823758,1.2553636422507288,0.6860836333137739,0.6905223765568839,0.22628950476126805,0.14331430960998884,0.1372855977408216,0.14325236636958555,0.12628777777956834,1.2553636422507288,0.7074286034170678,0.14325236636958555,0.2553103070823758,0.1372855977408216,0.3481202850818696,0.14325236636958555,1.2553636422507288,0.14331430960998884,0.7074286034170678,0.1372855977408216,0.14325236636958555,0.22628950476126805,0.2553103070823758,0.5516877099137087,1.1374812271392234,0.224961662517948,0.14331430960998884,0.14325236636958555
85,0.6145898329485728,0.12032355252551036,0.6450816039015199,-0.004387753074309601,0.16909743459022653,0.3152488597842404,0.18220376044835737,0.5766517282835244,-0.0900283238837803,0.6016712152168101,-0.09030665492970302,0.6450816039015199,0.5694824760411281,0.3152488597842404,0.12032355252551036,0.6450816039015199,0.16909743459022653,-0.09030665492970302,-0.07836426009809047,0.6450816039015199,0.3152488597842404,0.6016712152168101,0.12032355252551036,-0.09030665492970302,0.6450816039015199,-0.0900283238837803,0.16909743459022653,0.04699389862675322,0.3669217117161876,-0.07242634416534233,0.6016712152168101,0.6450816039015199
86,0.05786916348486257,-0.5764770145404974,0.2204597247524861,-0.0977089706994555,-0.039278848186916904,-1.027749451229138,-0.9065440791663902,0.18418371476636103,0.20224155014031484,0.08573342190336088,0.27611886271729397,0.2204597247524861,0.23395612726573162,-1.027749451229138,-0.5764770145404974,0.2204597247524861,-0.039278848186916904,0.27611886271729397,0.022720425843356047,0.2204597247524861,-1.027749451229138,0.08573342190336088,-0.5764770145404974,0.27611886271729397,0.2204597247524861,0.20224155014031484,-0.039278848186916904,-0.18257527446204208,0.04457625072478782,0.07899817594220394,0.08573342190336088,0.2204597247524861
87,-0.3995198452030469,0.021347014622096903,-0.18988206287427808,-0.22736160109431697,0.18000953759400123,-0.0003510233025077839,0.5948701626966051,-0.3703258991347353,-0.3771265206964024,-0.11678605251182088,-0.09797282429134375,-0.18988206287427808,-0.10151061592394839,-0.0003510233025077839,0.021347014622096903,-0.18988206287427808,0.18000953759400123,-0.09797282429134375,-0.1644692257720623,-0.18988206287427808,-0.0003510233025077839,-0.11678605251182088,0.021347014622096903,-0.09797282429134375,-0.18988206287427808,-0.3771265206964024,0.18000953759400123,0.047752750310136545,-0.5868811718021532,-0.030602336679187825,-0.11678605251182088,-0.18988206287427808
88,-1.5986775246960798,-1.3849378088464235,-1.6632783371071935,-0.956139822738256,-0.8764144392577308,-0.7133179574443276,-0.2694805068300106,0.9320187179921345,0.10843845493436198,-1.8136552406865012,0.16087673978091144,-1.6632783371071935,-1.4261160510648598,-0.7133179574443276,-1.3849378088464235,-1.6632783371071935,-0.8764144392577308,0.16087673978091144,-1.1694478500712326,-1.6632783371071935,-0.7133179574443276,-1.8136552406865012,-1.3849378088464235,0.16087673978091144,-1.6632783371071935,0.10843845493436198,-0.8764144392577308,0.3666189692027355,1.0686154599279536,-0.8249321408308793,-1.8136552406865012,-1.6632783371071935
89,-0.4813224709790738,-0.3161289575432823,0.05957573871509443,-0.07304962902644008,0.16422958983420383,-0.2426377773544882,-0.5987800041677445,-0.14626429189419002,-0.08550452020105503,-0.30550519932335896,-0.0887677663220259,0.05957573871509443,0.13029676916518299,-0.2426377773544882,-0.3161289575432823,0.05957573871509443,0.16422958983420383,-0.0887677663220259,-0.07431148116250408,0.05957573871509443,-0.2426377773544882,-0.30550519932335896,-0.3161289575432823,-0.0887677663220259,0.05957573871509443,-0.08550452020105503,0.16422958983420383,-0.015766529825946653,-0.6168970543193141,-0.023705823238879067,-0.30550519932335896,0.05957573871509443
90,0.6457378885468403,0.4654110239011662,0.5203221859531683,1.0220027122466744,0.4737611563616673,-0.3011257641432755,-0.3540919560790718,0.9208645933368946,0.6606470289131747,0.4966092780636682,1.4757981643249674,0.5203221859531683,0.9679352389386962,-0.3011257641432755,0.4654110239011662,0.5203221859531683,0.4737611563616673,1.4757981643249674,1.5354085799577342,0.5203221859531683,-0.3011257641432755,0.4966092780636682,0.4654110239011662,1.4757981643249674,0.5203221859531683,0.6606470289131747,0.4737611563616673,0.4600278218101902,0.38393987583159916,1.628580871834668,0.4966092780636682,0.5203221859531683
91,-1.480156677528171,-1.7608666512989632,-1.60199045146129,-1.5481063147488274,-1.330950590107668,-1.4690691788541639,0.019416297411943565,-1.3034326746509401,0.4369023614441523,-1.567836686502156,-1.6176348553409332,-1.60199045146129,-1.6221904283581599,-1.4690691788541639,-1.7608666512989632,-1.60199045146129,-1.330950590107668,-1.6176348553409332,-1.5895156304796223,-1.60199045146129,-1.4690691788541639,-1.567836686502156,-1.7608666512989632,-1.6176348553409332,-1.60199045146129,0.4369023614441523,-1.330950590107668,0.2329799306378639,0.8355854162497514,-1.399656170824725,-1.567836686502156,-1.60199045146129
92,0.3713940856159912,0.4133381705923158,0.5072343866776214,0.39721582945021044,0.53286963249942,-0.3656092250658162,-0.4724325777361733,0.4557213507880587,0.3033292414553501,0.49313106457328737,0.5093523785199254,0.5072343866776214,0.3586214872777559,-0.3656092250658162,0.4133381705923158,0.5072343866776214,0.53286963249942,0.5093523785199254,0.37641708144662767,0.5072343866776214,-0.3656092250658162,0.49313106457328737,0.4133381705923158,0.5093523785199254,0.5072343866776214,0.3033292414553501,0.53286963249942,0.06526856546688779,0.5941705171285551,0.3599932816801628,0.49313106457328737,0.5072343866776214
93,-0.2700648963284987,-0.8732819543602697,-0.2178902759600044,-0.6030537541751977,-0.697635243015634,-0.6335520619316052,0.009161904027414186,-0.056536620333005085,-0.1862448126403129,-0.2861170812032344,-0.8507240760816298,-0.2178902759600044,-0.35257745904617965,-0.6335520619316052,-0.8732819543602697,-0.2178902759600044,-0.697635243015634,-0.8507240760816298,-0.8695072745293361,-0.2178902759600044,-0.6335520619316052,-0.2861170812032344,-0.8732819543602697,-0.8507240760816298,-0.2178902759600044,-0.1862448126403129,-0.697635243015634,0.699581732796549,1.2443211494290134,-0.6290342491560766,-0.2861170812032344,-0.2178902759600044
94,-0.23144017532880345,-0.04267068852185245,-0.33755355109386775,-0.08472312121682916,-0.14917974133781464,0.1263756979688947,-0.485837038972606,-0.030113079713445026,0.047623920112463185,-0.2369378502484798,-0.27653387937178814,-0.33755355109386775,-0.05166231365501672,0.1263756979688947,-0.04267068852185245,-0.33755355109386775,-0.14917974133781464,-0.27653387937178814,-0.38308986768839,-0.33755355109386775,0.1263756979688947,-0.2369378502484798,-0.04267068852185245,-0.27653387937178814,-0.33755355109386775,0.047623920112463185,-0.14917974133781464,-0.016538573213668913,-0.2594063648337594,-0.25881202619422206,-0.2369378502484798,-0.33755355109386775
95,0.1370603843017373,-0.048397237090748634,0.1030957211335695,0.20390386495768262,-0.0741377201962918,-0.001287784920797451,0.44931102442444304,0.17745280389617846,0.38921114688346664,0.11094969298298316,0.32910851276847497,0.1030957211335695,0.227706238678408,-0.001287784920797451,-0.048397237090748634,0.1030957211335695,-0.0741377201962918,0.32910851276847497,0.39039419662891894,0.1030957211335695,-0.001287784920797451,0.11094969298298316,-0.048397237090748634,0.32910851276847497,0.1030957211335695,0.38921114688346664,-0.0741377201962918,0.08709623690453007,-0.03839242918224076,0.17283623857840327,0.11094969298298316,0.1030957211335695
96,0.5484395743354642,0.7300600554509484,-0.06941016483554367,0.3817519811972921,-0.19647684543256358,0.43064431210400794,1.015623333445789,0.6941861581258869,0.13687842067483305,0.285680217002371,0.18382432735726847,-0.06941016483554367,0.022518798357948944,0.43064431210400794,0.7300600554509484,-0.06941016483554367,-0.19647684543256358,0.18382432735726847,0.2981134464073972,-0.06941016483554367,0.43064431210400794,0.285680217002371,0.7300600554509484,0.18382432735726847,-0.06941016483554367,0.13687842067483305,-0.19647684543256358,0.23853533315396203,0.7437086894394821,0.11370155762877368,0.285680217002371,-0.06941016483554367
97,-0.9077810722862378,-0.9814534931270188,-1.2217081313202642,-0.684167004078676,-0.22365737062495883,-0.7114421637781881,-0.3326131744540296,-0.7212933173847837,-0.2871435762419874,-0.8128087643709363,-0.306358470594897,-1.2217081313202642,-0.8137674756525488,-0.7114421637781881,-0.9814534931270188,-1.2217081313202642,-0.22365737062495883,-0.306358470594897,-0.8762371547136896,-1.2217081313202642,-0.7114421637781881,-0.8128087643709363,-0.9814534931270188,-0.306358470594897,-1.2217081313202642,-0.2871435762419874,-0.22365737062495883,-0.8715119755024676,-0.385012993191008,-0.33299990403495383,-0.8128087643709363,-1.2217081313202642
98,-1.0163677941299105,-1.2676142607724916,-1.138464214393885,-1.1071287999160397,-2.337742215558574,-1.0881627989751426,-1.3762142579532097,-1.0980000724648749,-1.106490156913139,-1.1887561712737862,-1.080906459174121,-1.138464214393885,-1.0797958349139112,-1.0881627989751426,-1.2676142607724916,-1.138464214393885,-2.337742215558574,-1.080906459174121,-0.6742829058700657,-1.138464214393885,-1.0881627989751426,-1.1887561712737862,-1.2676142607724916,-1.080906459174121,-1.138464214393885,-1.106490156913139,-2.337742215558574,-0.4764175051647313,0.8431903092051016,-0.9548020930145116,-1.1887561712737862,-1.138464214393885
99,0.41410242663361935,0.24975237894210855,0.09035242713730705,0.49120568528397857,0.2226797873733494,0.03887420241359953,0.7996064877829396,0.4941887036461806,0.30041302596442604,0.3794068275095147,0.8983220149769221,0.09035242713730705,0.6460889062505968,0.03887420241359953,0.24975237894210855,0.09035242713730705,0.2226797873733494,0.8983220149769221,0.5830133676676129,0.09035242713730705,0.03887420241359953,0.3794068275095147,0.24975237894210855,0.8983220149769221,0.09035242713730705,0.30041302596442604,0.2226797873733494,0.6769525070117084,0.1132518882461567,1.0645380527240569,0.3794068275095147,0.09035242713730705
100,0.4098351699452016,0.5096210382263101,0.7230328425282075,0.47120116283463787,0.41278872562298435,0.7543450464472089,-0.07243303517514389,0.7288294883776908,0.10644314456644607,0.6329959422290607,0.48559664004424813,0.7230328425282075,0.49261154276614944,0.7543450464472089,0.5096210382263101,0.7230328425282075,0.41278872562298435,0.48559664004424813,0.7360157166280714,0.7230328425282075,0.7543450464472089,0.6329959422290607,0.5096210382263101,0.48559664004424813,0.7230328425282075,0.10644314456644607,0.41278872562298435,0.6036740076673441,0.4857526840559905,0.35803437295093055,0.6329959422290607,0.7230328425282075
101,0.196865539225273,0.23138032031586786,0.5188839938866407,0.1508855807421612,0.2849651267947153,-0.06425247534944926,0.7253816516508511,0.2914835227566074,0.23281227752234643,0.315890526715897,0.1490732367701017,0.5188839938866407,0.2167993502212308,-0.06425247534944926,0.23138032031586786,0.5188839938866407,0.2849651267947153,0.1490732367701017,0.1586479709980881,0.5188839938866407,-0.06425247534944926,0.315890526715897,0.23138032031586786,0.1490732367701017,0.5188839938866407,0.23281227752234643,0.2849651267947153,-0.07902122699754732,0.040569968177818334,-0.08194733747430769,0.315890526715897,0.5188839938866407
102,0.24191122701538303,0.09799099456995612,0.39925711478994014,0.17848358403306736,0.041920676487668215,0.2600502508387049,0.8424200308641508,0.34510134239340157,0.3939498726995332,0.26328228852812724,0.1670767015513807,0.39925711478994014,0.23736300975847555,0.2600502508387049,0.09799099456995612,0.39925711478994014,0.041920676487668215,0.1670767015513807,0.17736118466008205,0.39925711478994014,0.2600502508387049,0.26328228852812724,0.09799099456995612,0.1670767015513807,0.39925711478994014,0.3939498726995332,0.041920676487668215,0.19238687752440856,0.14466136812111222,-0.08047976812756909,0.26328228852812724,0.39925711478994014
103,-1.014064000288279,-1.1911003560409765,0.8982473639274771,-1.191377600119841,-0.9711866034148122,-0.7390787958125049,-0.7354402964589267,-1.4358055864017254,-0.8165755917047142,1.0026230183738891,-1.1832538402372108,0.8982473639274771,-1.1024124897684444,-0.7390787958125049,-1.1911003560409765,0.8982473639274771,-0.9711866034148122,-1.1832538402372108,-1.1724351970188729,0.8982473639274771,-0.7390787958125049,1.0026230183738891,-1.1911003560409765,-1.1832538402372108,0.8982473639274771,-0.8165755917047142,-0.9711866034148122,0.48457199028973563,0.9904954182250257,-1.058056424749469,1.0026230183738891,0.8982473639274771
104,-0.5757214099194385,-0.6552514598309477,0.6937241760294893,-0.4249927911055742,0.6706991074191809,-0.42470187172106777,-0.08680448362826929,0.8582288981879552,-0.3360077834271745,0.626805363096357,-0.5303858071055565,0.6937241760294893,0.5999587855936144,-0.42470187172106777,-0.6552514598309477,0.6937241760294893,0.6706991074191809,-0.5303858071055565,0.6534566681493494,0.6937241760294893,-0.42470187172106777,0.626805363096357,-0.6552514598309477,-0.5303858071055565,0.6937241760294893,-0.3360077834271745,0.6706991074191809,0.45155899421327916,0.5898062356783581,-0.46308962741015236,0.626805363096357,0.6937241760294893
105,0.8478483800701738,0.8270833639489416,0.560716781749384,0.6125089730300572,0.5025417611089992,0.82613062146698,0.038727544149443884,0.8077672186187482,0.39646221454965375,0.9419860424905627,0.6134818036385499,0.560716781749384,0.5916130975411569,0.82613062146698,0.8270833639489416,0.560716781749384,0.5025417611089992,0.6134818036385499,0.5779060556564976,0.560716781749384,0.82613062146698,0.9419860424905627,0.8270833639489416,0.6134818036385499,0.560716781749384,0.39646221454965375,0.5025417611089992,0.6674665785015028,0.7371354088880312,0.3075551655059806,0.9419860424905627,0.560716781749384
106,-0.9052730181791343,-0.5253870719850451,1.2561173995368844,-0.7738097479735001,-1.4815538692496852,-0.2146797381309915,0.1508587832745008,2.0195083063955472,-0.3880392234408113,-1.2735679025509574,-0.5376535616512056,1.2561173995368844,-0.838233616167398,-0.2146797381309915,-0.5253870719850451,1.2561173995368844,-1.4815538692496852,-0.5376535616512056,-0.7606133634307853,1.2561173995368844,-0.2146797381309915,-1.2735679025509574,-0.5253870719850451,-0.5376535616512056,1.2561173995368844,-0.3880392234408113,-1.4815538692496852,-0.09576362642430596,-0.9760869444385349,-0.5066755915248308,-1.2735679025509574,1.2561173995368844
107,-1.854438494111505,-2.093769192259493,-1.8675663482841638,-1.7170926425301511,-1.715133118892299,-1.112224364577629,-0.4788220373661693,-2.258637937763921,-0.6443915849617264,-2.193385263061394,-2.7795353751037473,-1.8675663482841638,-2.022573305773607,-1.112224364577629,-2.093769192259493,-1.8675663482841638,-1.715133118892299,-2.7795353751037473,-2.3365508863057878,-1.8675663482841638,-1.112224364577629,-2.193385263061394,-2.093769192259493,-2.7795353751037473,-1.8675663482841638,-0.6443915849617264,-1.715133118892299,-2.245896644185707,0.4422678442154331,-1.9491165747792123,-2.193385263061394,-1.8675663482841638
108,0.8974683936866049,1.4157746005426437,0.528096637086685,0.5984585982246102,0.451001337584066,0.8797154056376988,1.4742776682915235,0.7047673970940281,0.2843829651563502,0.7663733363240426,0.40887221355958064,0.528096637086685,0.4838935047834387,0.8797154056376988,1.4157746005426437,0.528096637086685,0.451001337584066,0.40887221355958064,0.4435950653982401,0.528096637086685,0.8797154056376988,0.7663733363240426,1.4157746005426437,0.40887221355958064,0.528096637086685,0.2843829651563502,0.451001337584066,0.4679326421434723,0.6851196458444501,0.36727295028463514,0.7663733363240426,0.528096637086685
109,0.3851856292322457,0.03192020151324753,0.007626432079319591,0.13549460309474354,-0.14824350344597997,-0.4871777799475179,-0.956399559148706,0.3220479039294311,0.02820390593777412,0.0327313752012503,0.063273077815471,0.007626432079319591,-0.1404680775628501,-0.4871777799475179,0.03192020151324753,0.007626432079319591,-0.14824350344597997,0.063273077815471,0.13820129015915839,0.007626432079319591,-0.4871777799475179,0.0327313752012503,0.03192020151324753,0.063273077815471,0.007626432079319591,0.02820390593777412,-0.14824350344597997,-0.318370019495364,0.7267937530072431,0.0009130298792763321,0.0327313752012503,0.007626432079319591
110,0.39974846062756797,0.17298606174028208,-0.09917435865873535,0.6768842338990037,-0.41504204322452426,0.22277580053064402,-0.8490157850115705,-0.4532433515359048,0.8490691692437451,-0.42799923446789523,0.7474573388067086,-0.09917435865873535,-0.10966050560863806,0.22277580053064402,0.17298606174028208,-0.09917435865873535,-0.41504204322452426,0.7474573388067086,-0.058322298625852725,-0.09917435865873535,0.22277580053064402,-0.42799923446789523,0.17298606174028208,0.7474573388067086,-0.09917435865873535,0.8490691692437451,-0.41504204322452426,-0.23302663204941762,-0.5330774890888255,0.7808409630023748,-0.42799923446789523,-0.09917435865873535
111,0.6863731522724487,-0.5997048324204365,0.6990245278562582,-0.6887676294421472,-0.4091337570717357,-0.4811847048494195,-0.3603248331928849,-0.5483226568198096,-0.23102999686331627,0.6876502516817113,0.7152337415627448,0.6990245278562582,-0.659766761925247,-0.4811847048494195,-0.5997048324204365,0.6990245278562582,-0.4091337570717357,0.7152337415627448,0.7213648802549514,0.6990245278562582,-0.4811847048494195,0.6876502516817113,-0.5997048324204365,0.7152337415627448,0.6990245278562582,-0.23102999686331627,-0.4091337570717357,0.7782332536357706,0.44629114196955166,-0.4693546030711977,0.6876502516817113,0.6990245278562582
112,0.5506275009033544,0.8218470766898056,0.6652883350968024,0.7841786075263498,-0.34550085949958304,0.4013615394348965,-0.5606177186918612,0.5162399372723193,0.399649188590125,0.6356127355874871,0.7935859687979682,0.6652883350968024,0.6359878024292536,0.4013615394348965,0.8218470766898056,0.6652883350968024,-0.34550085949958304,0.7935859687979682,0.9319084146444118,0.6652883350968024,0.4013615394348965,0.6356127355874871,0.8218470766898056,0.7935859687979682,0.6652883350968024,0.399649188590125,-0.34550085949958304,0.601147423506851,-0.3930313379946644,-0.41636402908597886,0.6356127355874871,0.6652883350968024
113,1.2356734641416383,1.349690528604936,1.3204535125084271,1.320489568380001,1.2857239492449457,0.9929012304079041,0.8519000234574684,1.1513264311374825,-0.4465031966642119,1.3079609209793597,1.3019907166181115,1.3204535125084271,1.3695287425417162,0.9929012304079041,1.349690528604936,1.3204535125084271,1.2857239492449457,1.3019907166181115,-0.7732886236808754,1.3204535125084271,0.9929012304079041,1.3079609209793597,1.349690528604936,1.3019907166181115,1.3204535125084271,-0.4465031966642119,1.2857239492449457,-0.38959519940318,0.9787234963045403,1.1525238922196148,1.3079609209793597,1.3204535125084271
114,-0.515397627052969,-0.09054999261377858,-0.7152657364705013,-0.029208490265814156,0.0006751033189025747,-0.049699186671828675,0.9256313386949162,-0.7695841468714838,-0.44043956756437913,-0.2689459924629179,0.3604526432804247,-0.7152657364705013,0.12177388583659567,-0.049699186671828675,-0.09054999261377858,-0.7152657364705013,0.0006751033189025747,0.3604526432804247,0.2799591456559877,-0.7152657364705013,-0.049699186671828675,-0.2689459924629179,-0.09054999261377858,0.3604526432804247,-0.7152657364705013,-0.44043956756437913,0.0006751033189025747,0.5189392564451726,0.17656879000376557,0.93035204298662,-0.2689459924629179,-0.7152657364705013
115,0.8653780687658899,0.9086269988862204,0.8175250564763435,0.7780535263460217,1.1133018261639176,-0.029285608443239835,0.1229350984752979,1.107367461257703,0.4474643600933549,0.9438650947903038,0.9046397992990157,0.8175250564763435,0.6969596293266431,-0.029285608443239835,0.9086269988862204,0.8175250564763435,1.1133018261639176,0.9046397992990157,0.8158158465066999,0.8175250564763435,-0.029285608443239835,0.9438650947903038,0.9086269988862204,0.9046397992990157,0.8175250564763435,0.4474643600933549,1.1133018261639176,0.42306971208907745,0.8860885595647545,0.7183462193147412,0.9438650947903038,0.8175250564763435
116,0.006757845230174088,0.4281010321169947,-0.02505729907939645,0.2662269133061449,-0.10966624750883158,0.9939609510012626,0.6701499334687895,0.40043766138829046,-0.002538409052524,0.06113163213852762,0.09363966954678501,-0.02505729907939645,0.07492665262532068,0.9939609510012626,0.4281010321169947,-0.02505729907939645,-0.10966624750883158,0.09363966954678501,0.27264477322856423,-0.02505729907939645,0.9939609510012626,0.06113163213852762,0.4281010321169947,0.09363966954678501,-0.02505729907939645,-0.002538409052524,-0.10966624750883158,0.2335183552307549,-0.12943664246771489,0.07331750308903513,0.06113163213852762,-0.02505729907939645
117,0.8775219458580111,1.2937692645866106,0.7753329405939933,1.0383059454375128,0.824669586178022,1.211649229709952,1.2265678199851555,1.3746569526720782,0.3567898577115718,0.9948099568003079,1.109706058735986,0.7753329405939933,0.9459704855900678,1.211649229709952,1.2937692645866106,0.7753329405939933,0.824669586178022,1.109706058735986,0.8615179847628341,0.7753329405939933,1.211649229709952,0.9948099568003079,1.2937692645866106,1.109706058735986,0.7753329405939933,0.3567898577115718,0.824669586178022,0.6624338409310949,0.6268821124404302,0.8133356641203444,0.9948099568003079,0.7753329405939933
118,-0.9683395416817838,-1.2066690671647389,-1.4646292794058429,-1.300375691141764,-1.5796466178992925,-0.592896106465289,-0.7263860023077457,-1.3383381246464436,0.25999277036104196,0.655544161892512,0.37899375978342004,-1.4646292794058429,-1.5270269408204633,-0.592896106465289,-1.2066690671647389,-1.4646292794058429,-1.5796466178992925,0.37899375978342004,-1.355393653211551,-1.4646292794058429,-0.592896106465289,0.655544161892512,-1.2066690671647389,0.37899375978342004,-1.4646292794058429,0.25999277036104196,-1.5796466178992925,0.28730543896635274,0.27432426830909645,-1.451028900765976,0.655544161892512,-1.4646292794058429
119,0.31593182917226065,0.07642951684300373,0.10548055437109088,0.21939216354039281,0.1374249649300513,-0.15498394602494503,-0.025562584320265355,0.2848744625409215,0.10056305262487261,0.39357311029743036,0.5451773387291046,0.10548055437109088,0.43500638276568465,-0.15498394602494503,0.07642951684300373,0.10548055437109088,0.1374249649300513,0.5451773387291046,0.3123738020364175,0.10548055437109088,-0.15498394602494503,0.39357311029743036,0.07642951684300373,0.5451773387291046,0.10548055437109088,0.10056305262487261,0.1374249649300513,0.46377830842201456,0.10699594998342526,0.6308054869651146,0.39357311029743036,0.10548055437109088
120,-0.17121453280567295,-0.27229490040501136,-0.1519821389619036,-0.381225032691916,-0.403886964248494,0.2161809402796135,0.26250261443104506,-0.32178891482524374,-0.2670053798282483,-0.29574405417227356,-0.5616162814709105,-0.1519821389619036,-0.11960824389091156,0.2161809402796135,-0.27229490040501136,-0.1519821389619036,-0.403886964248494,-0.5616162814709105,-0.7247957223785484,-0.1519821389619036,0.2161809402796135,-0.29574405417227356,-0.27229490040501136,-0.5616162814709105,-0.1519821389619036,-0.2670053798282483,-0.403886964248494,-0.08147211302553653,-0.2623993551786116,-0.46517577786687825,-0.29574405417227356,-0.1519821389619036
121,0.6125380336104008,1.0013081416330405,0.8190635441158761,0.8290199968892611,1.1343028469252543,0.07948155487043448,0.21099085187528302,0.994063791369521,0.4627985025544086,0.8653663482073201,0.9786789516839272,0.8190635441158761,0.7854672043767349,0.07948155487043448,1.0013081416330405,0.8190635441158761,1.1343028469252543,0.9786789516839272,1.0205065236050377,0.8190635441158761,0.07948155487043448,0.8653663482073201,1.0013081416330405,0.9786789516839272,0.8190635441158761,0.4627985025544086,1.1343028469252543,0.5456204970294394,0.7861576857112831,0.8454746399844747,0.8653663482073201,0.8190635441158761
122,0.25905994581171465,0.09313176108666249,0.3005358857277862,0.1297590682357316,0.21625927796619893,-0.1976694697271638,-0.40377820543282084,0.2144619759356527,0.11388225397205738,0.14540355277734604,0.1316382425928556,0.3005358857277862,0.0790466780572422,-0.1976694697271638,0.09313176108666249,0.3005358857277862,0.21625927796619893,0.1316382425928556,0.30206573443163426,0.3005358857277862,-0.1976694697271638,0.14540355277734604,0.09313176108666249,0.1316382425928556,0.3005358857277862,0.11388225397205738,0.21625927796619893,-0.14416906219120684,0.32200612313747917,0.1358616989638883,0.14540355277734604,0.3005358857277862
123,-0.3343769675369333,-0.6286221983060253,-0.17871504305242616,-0.053865855350401975,-0.3222002895173181,-0.6269713183596822,-0.5393010243502586,0.001190840614130286,0.016797486474649452,-0.1081214728376685,0.4098209890604951,-0.17871504305242616,0.2129027918137831,-0.6269713183596822,-0.6286221983060253,-0.17871504305242616,-0.3222002895173181,0.4098209890604951,0.32392707909164703,-0.17871504305242616,-0.6269713183596822,-0.1081214728376685,-0.6286221983060253,0.4098209890604951,-0.17871504305242616,0.016797486474649452,-0.3222002895173181,0.06710865094938633,-0.6559349997287542,0.32583837556399825,-0.1081214728376685,-0.17871504305242616
124,-0.20065539581124947,-0.02770551385829234,-0.10548806680679954,-0.2938177431565659,-0.04953644445228398,0.2822376554195985,-0.24147889701252204,2.6306222270892015,-0.258236894343292,-0.4103840467503587,-0.7609616652787677,-0.10548806680679954,-0.5465638541057519,0.2822376554195985,-0.02770551385829234,-0.10548806680679954,-0.04953644445228398,-0.7609616652787677,-0.3717118277833284,-0.10548806680679954,0.2822376554195985,-0.4103840467503587,-0.02770551385829234,-0.7609616652787677,-0.10548806680679954,-0.258236894343292,-0.04953644445228398,3.1501075061972426,0.25859428404801144,-0.7442829048294516,-0.4103840467503587,-0.10548806680679954
125,0.4414787932647064,0.1486655154482467,0.28467224113300726,0.25206769608207497,0.6618537136536131,-0.23168902210953143,-0.3192321064262061,0.4377249837703558,0.21114777481348623,0.30488576861086975,0.21526004853655417,0.28467224113300726,-0.02062719680390855,-0.23168902210953143,0.1486655154482467,0.28467224113300726,0.6618537136536131,0.21526004853655417,0.11824029585220565,0.28467224113300726,-0.23168902210953143,0.30488576861086975,0.1486655154482467,0.21526004853655417,0.28467224113300726,0.21114777481348623,0.6618537136536131,-0.2320829830850784,0.37793618006313523,-0.16952099852505706,0.30488576861086975,0.28467224113300726
126,0.9591065852660355,0.8848631492875412,1.135121217373889,0.494794450055884,-0.18341568326594437,0.9422462842064291,1.1078527586251685,1.0637407487674577,0.12877290044131592,0.29086961015408863,0.5422550726030138,1.135121217373889,0.9676079219185191,0.9422462842064291,0.8848631492875412,1.135121217373889,-0.18341568326594437,0.5422550726030138,0.3620613345211974,1.135121217373889,0.9422462842064291,0.29086961015408863,0.8848631492875412,0.5422550726030138,1.135121217373889,0.12877290044131592,-0.18341568326594437,0.5298035608259299,0.6979100406514845,0.5757203042203252,0.29086961015408863,1.135121217373889
127,-0.8392629408033686,1.1063819627988947,-0.9386141749245669,1.000577947836725,1.2004200570498165,0.3556161093380201,0.559375429234645,-1.285897051114521,0.45446646647716465,1.075065972461881,1.0529504638049902,-0.9386141749245669,-0.9493850701452555,0.3556161093380201,1.1063819627988947,-0.9386141749245669,1.2004200570498165,1.0529504638049902,1.1546710915393466,-0.9386141749245669,0.3556161093380201,1.075065972461881,1.1063819627988947,1.0529504638049902,-0.9386141749245669,0.45446646647716465,1.2004200570498165,0.727859286368797,-0.5850305911788153,0.8703343374197738,1.075065972461881,-0.9386141749245669
128,0.49258928022403653,0.28670760993285244,0.5060409762218164,0.3227688602267357,-0.085908424013102,-0.10602422914409579,-0.8129744516968209,0.5301814160642933,-0.07581318885896206,0.6247170364659019,0.22966849651654123,0.5060409762218164,0.33410414515802483,-0.10602422914409579,0.28670760993285244,0.5060409762218164,-0.085908424013102,0.22966849651654123,0.2990273086679033,0.5060409762218164,-0.10602422914409579,0.6247170364659019,0.28670760993285244,0.22966849651654123,0.5060409762218164,-0.07581318885896206,-0.085908424013102,-0.009853005235407594,0.3511235497188458,-0.11066180543161008,0.6247170364659019,0.5060409762218164
129,0.9150362461150209,0.844607250100353,1.3037945834580265,0.7406820723090086,0.6602941306966161,1.120655640789385,0.19173396941326432,1.0809894636505986,0.29115014693358354,1.0594317252079628,0.503263034283839,1.3037945834580265,0.8206446598207946,1.120655640789385,0.844607250100353,1.3037945834580265,0.6602941306966161,0.503263034283839,0.7905596190549552,1.3037945834580265,1.120655640789385,1.0594317252079628,0.844607250100353,0.503263034283839,1.3037945834580265,0.29115014693358354,0.6602941306966161,0.734285992653795,0.6937022103054434,0.5315087680132133,1.0594317252079628,1.3037945834580265
130,1.0602633066938971,1.55168411801388,1.2038590990881162,0.914057124929296,0.7120170927478703,1.5681276438971947,0.5321410093088478,1.4527447205661812,0.3968267645467127,1.04165164747105,0.930787559377412,1.2038590990881162,1.0636029012023878,1.5681276438971947,1.55168411801388,1.2038590990881162,0.7120170927478703,0.930787559377412,1.0066953598029067,1.2038590990881162,1.5681276438971947,1.04165164747105,1.55168411801388,0.930787559377412,1.2038590990881162,0.3968267645467127,0.7120170927478703,1.3678844878632144,0.5298966178941878,0.5690380051188603,1.04165164747105,1.2038590990881162
131,0.25547537695719197,-0.18828220619711108,-0.4949384832732192,-0.19243747408842143,0.21521114282276887,-0.4518705778662086,0.12770503545277267,-0.24859659354181526,-0.4377630918980196,-0.26141343325124133,0.0922273639690614,-0.4949384832732192,-0.2629489568561296,-0.4518705778662086,-0.18828220619711108,-0.4949384832732192,0.21521114282276887,0.0922273639690614,0.11416703659739454,-0.4949384832732192,-0.4518705778662086,-0.26141343325124133,-0.18828220619711108,0.0922273639690614,-0.4949384832732192,-0.4377630918980196,0.21521114282276887,-0.5075043556510337,-0.049587323366166815,0.034879090222189844,-0.26141343325124133,-0.4949384832732192
132,-1.0361376865859921,-0.5665711722070088,-1.0912921834016818,-0.777648936573864,-0.4490032136942669,0.0722365360478215,-0.32588191340512407,-1.2995767247364851,-0.6255447274615669,-1.2540359639247223,-1.006163250513546,-1.0912921834016818,-0.9577656616302199,0.0722365360478215,-0.5665711722070088,-1.0912921834016818,-0.4490032136942669,-1.006163250513546,-1.021435050676355,-1.0912921834016818,0.0722365360478215,-1.2540359639247223,-0.5665711722070088,-1.006163250513546,-1.0912921834016818,-0.6255447274615669,-0.4490032136942669,-0.09655316643364256,-0.883176556719516,-0.7933116343969591,-1.2540359639247223,-1.0912921834016818
133,-1.540706051054608,-1.9216131370380118,0.5652018786458932,-1.4549898833676194,-1.252899145699691,-1.5511980176597944,-0.5900952598980757,1.1077491644684412,0.39949328303601345,0.5529649638701536,-1.0716313213933144,0.5652018786458932,-1.7055985668003106,-1.5511980176597944,-1.9216131370380118,0.5652018786458932,-1.252899145699691,-1.0716313213933144,0.5506733272369132,0.5652018786458932,-1.5511980176597944,0.5529649638701536,-1.9216131370380118,-1.0716313213933144,0.5652018786458932,0.39949328303601345,-1.252899145699691,0.5018341579092478,-0.6824174001131299,0.49699135338564093,0.5529649638701536,0.5652018786458932
134,-0.38142776106683857,-0.7046695915584171,-0.6251454433158122,-0.7056839416522832,-0.5607650719028272,0.26847113449526444,0.27137506903540254,-0.798994980291387,-0.4431857867099493,-0.6909167634592047,-0.9694682104852238,-0.6251454433158122,-0.7153474480797047,0.26847113449526444,-0.7046695915584171,-0.6251454433158122,-0.5607650719028272,-0.9694682104852238,-0.9451011657088609,-0.6251454433158122,0.26847113449526444,-0.6909167634592047,-0.7046695915584171,-0.9694682104852238,-0.6251454433158122,-0.4431857867099493,-0.5607650719028272,-0.4667967297715414,-0.6804443109143744,-0.8755656613522076,-0.6909167634592047,-0.6251454433158122
135,0.02607382931780301,-0.02384890889779237,0.022549694323156667,-0.056080743795609254,-0.217275526524834,-0.008237528051454333,0.23959372427261813,-0.11240563154513775,-0.24512667969806912,-0.015709758861930913,-0.2306432504257262,0.022549694323156667,-0.19208481954250112,-0.008237528051454333,-0.02384890889779237,0.022549694323156667,-0.217275526524834,-0.2306432504257262,-0.17156069628530063,0.022549694323156667,-0.008237528051454333,-0.015709758861930913,-0.02384890889779237,-0.2306432504257262,0.022549694323156667,-0.24512667969806912,-0.217275526524834,-0.05689677071892549,0.034734641966587765,-0.10346120611136135,-0.015709758861930913,0.022549694323156667
136,-0.9116277036305146,-0.9949263276611886,-1.0070511575014294,-0.9503618767558846,-1.0583064081705782,-1.1754124645666395,1.020308413374698,-1.2060260036411907,-0.33370518338744487,0.9308857000534134,0.7383008058914489,-1.0070511575014294,-1.2783871907035858,-1.1754124645666395,-0.9949263276611886,-1.0070511575014294,-1.0583064081705782,0.7383008058914489,-1.399454925453148,-1.0070511575014294,-1.1754124645666395,0.9308857000534134,-0.9949263276611886,0.7383008058914489,-1.0070511575014294,-0.33370518338744487,-1.0583064081705782,-1.2811209629744442,0.8238945492949444,-1.2832200625778671,0.9308857000534134,-1.0070511575014294
137,-0.8888735911827803,-0.4471901943115538,-1.2000240853906823,-0.44882519630266415,-0.24826737647449432,-0.09606017078877953,-0.46798907011542,-0.978902633941902,-0.3386628494640821,-0.9693155334950241,-0.44941264188806634,-1.2000240853906823,-0.716314162406003,-0.09606017078877953,-0.4471901943115538,-1.2000240853906823,-0.24826737647449432,-0.44941264188806634,-0.6595602159556316,-1.2000240853906823,-0.09606017078877953,-0.9693155334950241,-0.4471901943115538,-0.44941264188806634,-1.2000240853906823,-0.3386628494640821,-0.24826737647449432,-0.2660375117159279,-0.5611572147753401,-0.37923829208406684,-0.9693155334950241,-1.2000240853906823
138,-0.6984808407336413,-0.995197419665991,-0.7980425964469515,-0.4033394995789984,-0.5364359784742997,-0.7177293117969276,-0.28515155193875114,-0.6006596266264809,-0.16732160460241424,-0.6997584516324324,-0.5131534967507836,-0.7980425964469515,-0.7815102698487314,-0.7177293117969276,-0.995197419665991,-0.7980425964469515,-0.5364359784742997,-0.5131534967507836,-0.4982403667646648,-0.7980425964469515,-0.7177293117969276,-0.6997584516324324,-0.995197419665991,-0.5131534967507836,-0.7980425964469515,-0.16732160460241424,-0.5364359784742997,-0.5032059705086117,-0.45131060628425174,-0.41435955749232145,-0.6997584516324324,-0.7980425964469515
139,-0.08962865764556091,-0.19680286814280412,-0.1748712773291178,-0.12009036032874709,-0.21447283205189616,0.29607533278701864,-0.13736231934084742,-0.1152744303692079,-0.3860909395297749,-0.11323541131697176,-0.09934376712251118,-0.1748712773291178,-0.11891538795012285,0.29607533278701864,-0.19680286814280412,-0.1748712773291178,-0.21447283205189616,-0.09934376712251118,-0.0036366605615179392,-0.1748712773291178,0.29607533278701864,-0.11323541131697176,-0.19680286814280412,-0.09934376712251118,-0.1748712773291178,-0.3860909395297749,-0.21447283205189616,-0.2947452968817779,-0.15093180270703913,-0.019517782958476074,-0.11323541131697176,-0.1748712773291178
140,-1.7040661339957628,-2.331333618960858,-1.7334321356380413,-1.6563675749604456,0.6046893373941714,-1.9862995551252731,-1.11251236946875,-1.4284324818249523,-1.2226259677040119,-1.7503863185162702,-1.9058180240282434,-1.7334321356380413,-1.8085950702368796,-1.9862995551252731,-2.331333618960858,-1.7334321356380413,0.6046893373941714,-1.9058180240282434,-1.9563961183148897,-1.7334321356380413,-1.9862995551252731,-1.7503863185162702,-2.331333618960858,-1.9058180240282434,-1.7334321356380413,-1.2226259677040119,0.6046893373941714,0.5093455868142722,-0.8570591472518378,-1.6732756343805928,-1.7503863185162702,-1.7334321356380413
141,-0.6224998732011647,-0.9237806640191862,-0.6258524912678751,-0.729037890940143,-0.6296264022119663,-0.9300693117550041,0.16724369167342426,-0.682165233773804,-0.1769189551047301,-0.7377620556852224,-0.7537348452111227,-0.6258524912678751,-0.7028290223763731,-0.9300693117550041,-0.9237806640191862,-0.6258524912678751,-0.6296264022119663,-0.7537348452111227,-0.9830286683496362,-0.6258524912678751,-0.9300693117550041,-0.7377620556852224,-0.9237806640191862,-0.7537348452111227,-0.6258524912678751,-0.1769189551047301,-0.6296264022119663,-0.7755720526129062,-0.49073038178560485,-0.7601531442684103,-0.7377620556852224,-0.6258524912678751
142,-0.4753949988244497,-0.5091650625081017,-0.1066207349225972,-0.4460811065696541,-0.8071582876918947,-0.9815919830128008,-0.8813521919537535,-0.31027475258326426,-0.38704334405142204,-0.47272299589097516,-0.6096652470630944,-0.1066207349225972,-0.5851803583418816,-0.9815919830128008,-0.5091650625081017,-0.1066207349225972,-0.8071582876918947,-0.6096652470630944,-0.5202319655471164,-0.1066207349225972,-0.9815919830128008,-0.47272299589097516,-0.5091650625081017,-0.6096652470630944,-0.1066207349225972,-0.38704334405142204,-0.8071582876918947,-0.49399582355652366,-0.2337004877100483,-0.8957853389702635,-0.47272299589097516,-0.1066207349225972
143,0.1958480157344976,0.12080301595214701,0.4524110284847001,0.3315345568952661,0.28710643382551043,-0.03438807821713785,-0.544734018648365,0.5476819600895301,0.030816828626417513,0.4025499617806854,0.5172850618610689,0.4524110284847001,0.38628394185538034,-0.03438807821713785,0.12080301595214701,0.4524110284847001,0.28710643382551043,0.5172850618610689,0.6074247539551215,0.4524110284847001,-0.03438807821713785,0.4025499617806854,0.12080301595214701,0.5172850618610689,0.4524110284847001,0.030816828626417513,0.28710643382551043,0.3447014962882864,0.1990152189987701,0.34747557987681216,0.4025499617806854,0.4524110284847001
144,0.6025205036239131,0.9437376879548919,0.7064041041548301,0.7516334906100639,0.6576858981932352,0.8525540657313849,0.062274972717160246,0.8295405682750728,0.45047867356535565,0.6685988948716266,0.7558648152521915,0.7064041041548301,0.7614854984942195,0.8525540657313849,0.9437376879548919,0.7064041041548301,0.6576858981932352,0.7558648152521915,0.8676425621583669,0.7064041041548301,0.8525540657313849,0.6685988948716266,0.9437376879548919,0.7558648152521915,0.7064041041548301,0.45047867356535565,0.6576858981932352,0.7840834406339755,0.5084847426512507,0.655238385759923,0.6685988948716266,0.7064041041548301
145,-1.0549241918407484,-1.430388256016502,-1.8593968910242655,-1.1106186927461428,-1.0047599075941118,-0.4774613466942238,-0.48948524439453345,-1.0998245321183584,-1.0876290220265523,-1.11346162725678,-1.011546832086619,-1.8593968910242655,-1.042523670550091,-0.4774613466942238,-1.430388256016502,-1.8593968910242655,-1.0047599075941118,-1.011546832086619,-0.8696156927623397,-1.8593968910242655,-0.4774613466942238,-1.11346162725678,-1.430388256016502,-1.011546832086619,-1.8593968910242655,-1.0876290220265523,-1.0047599075941118,-0.9144673323307447,-1.2944440639175054,-0.9066590221560529,-1.11346162725678,-1.8593968910242655
146,-0.2360419785609091,-1.819454037381108,0.2755387768952541,-1.7924265366828844,0.4047906830582374,0.6076011319395789,-0.19621765400007748,-0.45906130910667964,0.29368041123667843,0.46523795697124687,-2.237961030436331,0.2755387768952541,-0.9567981485286946,0.6076011319395789,-1.819454037381108,0.2755387768952541,0.4047906830582374,-2.237961030436331,-2.460428440016691,0.2755387768952541,0.6076011319395789,0.46523795697124687,-1.819454037381108,-2.237961030436331,0.2755387768952541,0.29368041123667843,0.4047906830582374,0.917636735783983,-0.5730968037755163,-2.6760644723621403,0.46523795697124687,0.2755387768952541
147,0.08608311748336563,0.2396368777195976,0.2472135840268619,0.38954388060974765,0.08195585710884437,-0.031751648130881986,-0.5223007945945007,0.48679558119189764,0.019109667161694936,0.2565903587601979,0.32488419935007895,0.2472135840268619,0.3881628006249651,-0.031751648130881986,0.2396368777195976,0.2472135840268619,0.08195585710884437,0.32488419935007895,0.40475575527258756,0.2472135840268619,-0.031751648130881986,0.2565903587601979,0.2396368777195976,0.32488419935007895,0.2472135840268619,0.019109667161694936,0.08195585710884437,0.20599250823317936,0.16973610482481963,0.42986245298071163,0.2565903587601979,0.2472135840268619
148,-0.07267260246592247,-0.36724063919376676,-0.653034010343278,-0.35556696244169766,-0.39723610008341154,-0.28643232003297525,0.0005503515871000776,0.09603091180626723,-0.07312127180972007,-0.1635939438134061,-0.5412999702419395,-0.653034010343278,-0.11708068536658366,-0.28643232003297525,-0.36724063919376676,-0.653034010343278,-0.39723610008341154,-0.5412999702419395,-0.4910740493786422,-0.653034010343278,-0.28643232003297525,-0.1635939438134061,-0.36724063919376676,-0.5412999702419395,-0.653034010343278,-0.07312127180972007,-0.39723610008341154,-0.3107456524468053,-0.11658043464005367,-0.22188793229783446,-0.1635939438134061,-0.653034010343278
149,-1.2188567375489758,-1.3671709902646056,0.46498944076061777,-0.8607076217939083,-0.42990415672998866,-1.0355361127925693,-0.34875796138237114,1.211850640261181,0.8073263832348646,-1.2577959594973662,-1.3345101399522314,0.46498944076061777,-1.044851260218653,-1.0355361127925693,-1.3671709902646056,0.46498944076061777,-0.42990415672998866,-1.3345101399522314,-1.4185218046959147,0.46498944076061777,-1.0355361127925693,-1.2577959594973662,-1.3671709902646056,-1.3345101399522314,0.46498944076061777,0.8073263832348646,-0.42990415672998866,-1.6002383077185758,-0.5240873127332573,-0.4009951775274064,-1.2577959594973662,0.46498944076061777
150,0.20817543729945642,0.158509455746858,0.3778485241048676,0.19505427026442704,0.25393712146055514,-0.42341222390685146,0.21281498015950118,0.27048978015042974,0.29222490908215293,0.20988058155787637,0.3117232106864978,0.3778485241048676,0.2531993641406817,-0.42341222390685146,0.158509455746858,0.3778485241048676,0.25393712146055514,0.3117232106864978,0.3050391472899482,0.3778485241048676,-0.42341222390685146,0.20988058155787637,0.158509455746858,0.3117232106864978,0.3778485241048676,0.29222490908215293,0.25393712146055514,-0.010897064224703549,0.23802547426938772,0.22839142083166836,0.20988058155787637,0.3778485241048676
151,-0.75327134994744,-1.0648393555125861,-0.7333986493726209,-0.4687386314337891,-0.6973128057831813,-0.6764832073957174,-0.40118170001347137,-0.5441577734534794,-0.43379227222607625,-0.8644907660261221,-0.7280578212602222,-0.7333986493726209,-0.5196504271240522,-0.6764832073957174,-1.0648393555125861,-0.7333986493726209,-0.6973128057831813,-0.7280578212602222,-1.4602809355048871,-0.7333986493726209,-0.6764832073957174,-0.8644907660261221,-1.0648393555125861,-0.7280578212602222,-0.7333986493726209,-0.43379227222607625,-0.6973128057831813,-0.5432190151957064,-0.49220748081906046,-0.4136896831112988,-0.8644907660261221,-0.7333986493726209
152,1.0928980047876886,1.1716707167990392,1.0225430882154163,1.0410519954217197,1.0792648422069873,0.5326913793219821,0.021731512829129943,0.8301329036947611,0.8156701460348031,1.3201156717182885,1.1226850558433867,1.0225430882154163,1.0111323888814008,0.5326913793219821,1.1716707167990392,1.0225430882154163,1.0792648422069873,1.1226850558433867,1.2655263019797443,1.0225430882154163,0.5326913793219821,1.3201156717182885,1.1716707167990392,1.1226850558433867,1.0225430882154163,0.8156701460348031,1.0792648422069873,0.6781135605107084,0.4521019846828015,0.9978090516231338,1.3201156717182885,1.0225430882154163
153,-0.3470039951999181,1.472330130660874,-0.7559930025469719,1.4199995761559476,1.061719937656494,1.1175768129945645,1.0099697409087158,0.19760990102199502,0.5449344614972077,-0.2810581519768055,1.5529613395885649,-0.7559930025469719,-0.27811150163137077,1.1175768129945645,1.472330130660874,-0.7559930025469719,1.061719937656494,1.5529613395885649,1.6853927324154654,-0.7559930025469719,1.1175768129945645,-0.2810581519768055,1.472330130660874,1.5529613395885649,-0.7559930025469719,0.5449344614972077,1.061719937656494,0.8676588504619203,0.054869128684029,1.2262390395735236,-0.2810581519768055,-0.7559930025469719
154,-0.5424545509468586,-0.4545586577867894,-0.39056710504304737,-0.6158714997165938,-0.19786405536243093,0.3047965667489539,-0.10417403153343886,-0.8223711465749427,-0.13965193335847362,-0.4043716940953568,-0.8137065708710272,-0.39056710504304737,-0.5942289394691522,0.3047965667489539,-0.4545586577867894,-0.39056710504304737,-0.19786405536243093,-0.8137065708710272,-0.7341971957236877,-0.39056710504304737,0.3047965667489539,-0.4043716940953568,-0.4545586577867894,-0.8137065708710272,-0.39056710504304737,-0.13965193335847362,-0.19786405536243093,-0.6786538559787452,-0.6590278944425236,-0.8934313371288827,-0.4043716940953568,-0.39056710504304737
155,-0.3462191491285468,-0.20318391855293622,0.9689340586304943,0.2712154165945076,0.6404580305071397,-1.0195453274728445,-0.02996786582548204,0.6776986157996522,0.6535691946783397,0.7837801432086547,0.5301859014973488,0.9689340586304943,0.8703503471699714,-1.0195453274728445,-0.20318391855293622,0.9689340586304943,0.6404580305071397,0.5301859014973488,1.031898334025464,0.9689340586304943,-1.0195453274728445,0.7837801432086547,-0.20318391855293622,0.5301859014973488,0.9689340586304943,0.6535691946783397,0.6404580305071397,0.6991116109366481,0.4958131491437639,0.6850132939709118,0.7837801432086547,0.9689340586304943
156,-0.6922541340944004,-0.664695733038471,-0.688802278030812,-0.6248407387109781,-0.8954169354145046,0.008765801844932582,-0.27236056177444545,-0.8789733933675306,-0.32338808816711184,-0.6225000891592191,-0.7378777588600658,-0.688802278030812,-0.5938419494671601,0.008765801844932582,-0.664695733038471,-0.688802278030812,-0.8954169354145046,-0.7378777588600658,-0.7540611634583265,-0.688802278030812,0.008765801844932582,-0.6225000891592191,-0.664695733038471,-0.7378777588600658,-0.688802278030812,-0.32338808816711184,-0.8954169354145046,-0.33850088520544414,-0.6590649553608978,-0.5586298404821424,-0.6225000891592191,-0.688802278030812
157,0.18719263362324218,0.2924562115308627,0.014099194285225478,0.13783377366640254,-0.6129920307757645,0.41762822677158185,-0.4220764069329815,0.600940177959347,-0.037072562373091686,-0.06940995497450743,-0.12971005056302165,0.014099194285225478,0.016165773785771515,0.41762822677158185,0.2924562115308627,0.014099194285225478,-0.6129920307757645,-0.12971005056302165,0.061995333900633554,0.014099194285225478,0.41762822677158185,-0.06940995497450743,0.2924562115308627,-0.12971005056302165,0.014099194285225478,-0.037072562373091686,-0.6129920307757645,0.3637428035730742,0.3954592519993879,-0.177709242374709,-0.06940995497450743,0.014099194285225478
158,0.37996916539405257,0.24227910603267272,0.6534278512855651,0.38182682735807394,0.20961444158018655,0.04410755683842882,0.26169331437796584,0.5726273993280178,0.5823792099120828,0.27534969382102004,0.5401947474211458,0.6534278512855651,0.5315115820883985,0.04410755683842882,0.24227910603267272,0.6534278512855651,0.20961444158018655,0.5401947474211458,0.6336237373407241,0.6534278512855651,0.04410755683842882,0.27534969382102004,0.24227910603267272,0.5401947474211458,0.6534278512855651,0.5823792099120828,0.20961444158018655,0.16344264795783245,0.682010457549433,0.38442038167601567,0.27534969382102004,0.6534278512855651
159,2.731729376479276,2.2857208549506955,2.026580611990087,2.2167245232932773,1.8172299982733793,1.9382452318499042,1.8687667394978322,3.491619765383707,-0.386547492333642,3.204744678290162,3.354628964306953,2.026580611990087,3.650693797878311,1.9382452318499042,2.2857208549506955,2.026580611990087,1.8172299982733793,3.354628964306953,3.08449829064699,2.026580611990087,1.9382452318499042,3.204744678290162,2.2857208549506955,3.354628964306953,2.026580611990087,-0.386547492333642,1.8172299982733793,2.860966452936705,0.709717688891163,3.815042523080006,3.204744678290162,2.026580611990087
160,0.6404511630445855,1.0264820545412237,1.0313964708150216,0.8030642880984825,1.0152504457862694,0.5945519460353295,0.12916269803741812,0.8897731106850616,0.4591261029563498,0.7134605507623221,0.9493038720767357,1.0313964708150216,0.8234773661032129,0.5945519460353295,1.0264820545412237,1.0313964708150216,1.0152504457862694,0.9493038720767357,0.9110052667982524,1.0313964708150216,0.5945519460353295,0.7134605507623221,1.0264820545412237,0.9493038720767357,1.0313964708150216,0.4591261029563498,1.0152504457862694,0.16593900321739818,0.403496168389161,0.9178309037798074,0.7134605507623221,1.0313964708150216
161,1.6537967081464218,-2.4040587999665224,2.3300349398719438,-1.290079014123256,-1.1343924952014486,-1.2874010125988729,-0.9367539118076569,0.7366884729916509,-1.1729174854519036,1.5629396658184729,-1.8964759655444485,2.3300349398719438,1.9367567864017896,-1.2874010125988729,-2.4040587999665224,2.3300349398719438,-1.1343924952014486,-1.8964759655444485,-1.8058077388087541,2.3300349398719438,-1.2874010125988729,1.5629396658184729,-2.4040587999665224,-1.8964759655444485,2.3300349398719438,-1.1729174854519036,-1.1343924952014486,-1.2690800464220868,0.5883126587736117,-1.1883772460065916,1.5629396658184729,2.3300349398719438
162,0.636996295402383,0.2810530051808626,0.5041504011053556,0.5048042157343675,0.3827485838287917,-0.41241969353098007,0.15342182616530708,0.6359137610740975,0.6070802214725369,0.429725088558997,0.7280124934738134,0.5041504011053556,0.6255726120639089,-0.41241969353098007,0.2810530051808626,0.5041504011053556,0.3827485838287917,0.7280124934738134,0.77676591311636,0.5041504011053556,-0.41241969353098007,0.429725088558997,0.2810530051808626,0.7280124934738134,0.5041504011053556,0.6070802214725369,0.3827485838287917,0.3811447727595926,0.32970013531662024,0.7097648108495994,0.429725088558997,0.5041504011053556
163,0.7687433994983646,-2.0713415529789003,0.8268857644645391,-1.371319836736994,-1.2988393937872542,-1.353350499611142,-0.652409109252472,-0.8406461470171412,-0.7008842790939583,0.9897484144315378,0.695682507922767,0.8268857644645391,-1.6465178705668218,-1.353350499611142,-2.0713415529789003,0.8268857644645391,-1.2988393937872542,0.695682507922767,0.728245255667708,0.8268857644645391,-1.353350499611142,0.9897484144315378,-2.0713415529789003,0.695682507922767,0.8268857644645391,-0.7008842790939583,-1.2988393937872542,0.4439099839260249,0.6936383297395177,-1.3413583727105498,0.9897484144315378,0.8268857644645391
164,-0.28204704183396323,-0.3183010479634935,-0.4711716609057618,-0.1330648054880212,-0.723615613853411,0.11914042864573673,0.05052631919455629,-0.08675248866593235,-0.01653544006519605,-0.21231574632005773,-0.16203772945187178,-0.4711716609057618,-0.25504501151479764,0.11914042864573673,-0.3183010479634935,-0.4711716609057618,-0.723615613853411,-0.16203772945187178,-0.09168056390743293,-0.4711716609057618,0.11914042864573673,-0.21231574632005773,-0.3183010479634935,-0.16203772945187178,-0.4711716609057618,-0.01653544006519605,-0.723615613853411,-0.10222132100108088,-0.30452853246803213,-0.18505316441251166,-0.21231574632005773,-0.4711716609057618
165,-0.7381571853803136,-0.16421579306930276,-1.1724265991848815,-0.31407811487303744,-0.44858540046173695,-0.1720955249391368,0.17153907906403887,-0.7796658102868189,-0.08246680837704182,-0.4320540557546333,-0.29634428025404214,-1.1724265991848815,-0.6740203999951007,-0.1720955249391368,-0.16421579306930276,-1.1724265991848815,-0.44858540046173695,-0.29634428025404214,-0.12458629016623142,-1.1724265991848815,-0.1720955249391368,-0.4320540557546333,-0.16421579306930276,-0.29634428025404214,-1.1724265991848815,-0.08246680837704182,-0.44858540046173695,-0.11675839245366626,-0.9197432622107878,-0.12270406919190102,-0.4320540557546333,-1.1724265991848815
166,1.0276963584903238,1.184645504744343,0.4928099537508515,0.6353418059855747,0.32369155335099425,0.7247182342814364,0.9392751791599577,0.8712501115902996,0.31620136814924726,0.8190189986572156,0.5643026794547091,0.4928099537508515,0.6378815003034367,0.7247182342814364,1.184645504744343,0.4928099537508515,0.32369155335099425,0.5643026794547091,0.5172743878319905,0.4928099537508515,0.7247182342814364,0.8190189986572156,1.184645504744343,0.5643026794547091,0.4928099537508515,0.31620136814924726,0.32369155335099425,0.5546590291192949,0.843065617286213,0.5100458282648609,0.8190189986572156,0.4928099537508515
167,0.7278181534839367,0.7785917905417074,1.27069450050588,0.8346693640103988,0.3395669190588791,0.33484361878857627,1.1498051742361102,0.3215572358578701,0.31258245149437064,0.9171760328085007,1.1233919264616263,1.27069450050588,1.3765599248062321,0.33484361878857627,0.7785917905417074,1.27069450050588,0.3395669190588791,1.1233919264616263,1.3787111152017821,1.27069450050588,0.33484361878857627,0.9171760328085007,0.7785917905417074,1.1233919264616263,1.27069450050588,0.31258245149437064,0.3395669190588791,0.4779373712228877,0.23740209460673115,1.273114733566565,0.9171760328085007,1.27069450050588
168,2.5619321059854743,2.619188302463804,2.78082312393274,1.7801603630645215,1.6353280072257654,1.86395565858918,-1.7509602025942437,-1.065047594129684,-0.6552033726894305,2.634974130213266,-1.2283146226547519,2.78082312393274,2.510690413013935,1.86395565858918,2.619188302463804,2.78082312393274,1.6353280072257654,-1.2283146226547519,2.0375418519982538,2.78082312393274,1.86395565858918,2.634974130213266,2.619188302463804,-1.2283146226547519,2.78082312393274,-0.6552033726894305,1.6353280072257654,-0.803583220048934,-0.5769365471421389,1.580186361092594,2.634974130213266,2.78082312393274
169,-1.103043202761906,-1.4352594555873557,1.3492666258219317,-1.1981668377062955,-0.8361850450062767,-1.1088971915750934,-2.2154291521973475,-1.3633054473255526,0.9925337651595414,0.9126985632741399,-1.085079274410889,1.3492666258219317,1.1253180836146688,-1.1088971915750934,-1.4352594555873557,1.3492666258219317,-0.8361850450062767,-1.085079274410889,-1.2746321764020654,1.3492666258219317,-1.1088971915750934,0.9126985632741399,-1.4352594555873557,-1.085079274410889,1.3492666258219317,0.9925337651595414,-0.8361850450062767,0.5173525792193132,-0.8925155071668763,1.1710278270578494,0.9126985632741399,1.3492666258219317
170,0.5965861644165801,-0.29243423843953065,0.8554304296898951,0.6766853674276728,0.4533684293678315,-0.8720549601790496,-0.8742768516917614,0.7327755704148664,0.7826181718364887,0.7075232237602032,0.9363375104617053,0.8554304296898951,0.5927071208089548,-0.8720549601790496,-0.29243423843953065,0.8554304296898951,0.4533684293678315,0.9363375104617053,1.4468260206210084,0.8554304296898951,-0.8720549601790496,0.7075232237602032,-0.29243423843953065,0.9363375104617053,0.8554304296898951,0.7826181718364887,0.4533684293678315,-0.21701306103976445,0.689404002461683,0.9777462535915376,0.7075232237602032,0.8554304296898951
171,0.3535479232666843,1.119978774601485,0.4195388412754902,0.538644598096412,0.4072483488065114,0.8439456436594758,0.6996410772779716,0.2979519129759395,0.5066075597270135,0.41379430051427457,0.608099089344836,0.4195388412754902,0.6981917501130934,0.8439456436594758,1.119978774601485,0.4195388412754902,0.4072483488065114,0.608099089344836,0.6129288346114243,0.4195388412754902,0.8439456436594758,0.41379430051427457,1.119978774601485,0.608099089344836,0.4195388412754902,0.5066075597270135,0.4072483488065114,0.35282204497842523,0.43158553482795503,0.6004314054436899,0.41379430051427457,0.4195388412754902
172,-1.1402779971499752,-1.1881820148041304,-1.3828497655034246,-0.9518690204609598,-1.9661210073152167,-0.6690466270250189,-0.6781772428301734,-1.1422713707335481,-0.6910413061955072,-1.2684547652118436,-1.3118399104813299,-1.3828497655034246,-1.081603608526389,-0.6690466270250189,-1.1881820148041304,-1.3828497655034246,-1.9661210073152167,-1.3118399104813299,-0.9983372523025877,-1.3828497655034246,-0.6690466270250189,-1.2684547652118436,-1.1881820148041304,-1.3118399104813299,-1.3828497655034246,-0.6910413061955072,-1.9661210073152167,-0.8696891102532353,-0.9896415937856872,-0.917406821089209,-1.2684547652118436,-1.3828497655034246
173,0.39168475330584207,0.29353077445897047,0.7562042074895008,0.3060862892505475,0.568981464901813,0.016457447287665163,-0.10814120644143223,0.5052960311721946,0.2249148407322017,0.4122555832501428,0.4727617889897604,0.7562042074895008,0.617245861071485,0.016457447287665163,0.29353077445897047,0.7562042074895008,0.568981464901813,0.4727617889897604,0.4342583294876048,0.7562042074895008,0.016457447287665163,0.4122555832501428,0.29353077445897047,0.4727617889897604,0.7562042074895008,0.2249148407322017,0.568981464901813,-0.012392607303930402,0.36267385746943476,0.5016374910630835,0.4122555832501428,0.7562042074895008
174,-1.2807833454362219,-1.8413687556773481,-1.3998176375891935,-1.507388452821128,-1.2952314378653087,-0.6379364108947048,-2.3780902160532804,-1.6060598113007307,-0.48816108006325853,-1.1703054519847929,-2.0163722092533782,-1.3998176375891935,-2.058754940104849,-0.6379364108947048,-1.8413687556773481,-1.3998176375891935,-1.2952314378653087,-2.0163722092533782,-2.0282710202924816,-1.3998176375891935,-0.6379364108947048,-1.1703054519847929,-1.8413687556773481,-2.0163722092533782,-1.3998176375891935,-0.48816108006325853,-1.2952314378653087,-1.775904468250131,-1.5089005046890545,-2.431065542309482,-1.1703054519847929,-1.3998176375891935
175,1.0194076183440823,0.5880699812585308,0.7058141689075156,0.3262711668161447,0.697016961870916,1.5745979012208764,0.5114408967762203,0.6410722253072519,0.4226098741377531,0.6153888066939014,0.1245125436415599,0.7058141689075156,0.06350023743729734,1.5745979012208764,0.5880699812585308,0.7058141689075156,0.697016961870916,0.1245125436415599,0.5924428048980012,0.7058141689075156,1.5745979012208764,0.6153888066939014,0.5880699812585308,0.1245125436415599,0.7058141689075156,0.4226098741377531,0.697016961870916,0.09283827568064328,0.6699493574098173,-0.2889702012205934,0.6153888066939014,0.7058141689075156
176,0.10237293171049963,-0.6088112811096928,0.5346249838985484,0.33255560518258453,0.401289543924868,-1.5534514233634353,-0.5390963862762105,0.14099792166209973,0.6908688870367102,0.45993929352617663,0.9257438027943222,0.5346249838985484,0.4795727975590529,-1.5534514233634353,-0.6088112811096928,0.5346249838985484,0.401289543924868,0.9257438027943222,1.10832875549586,0.5346249838985484,-1.5534514233634353,0.45993929352617663,-0.6088112811096928,0.9257438027943222,0.5346249838985484,0.6908688870367102,0.401289543924868,0.11508479787418148,0.5175991250629165,0.7327550653947847,0.45993929352617663,0.5346249838985484
177,-0.4298285476162739,-0.40468608492585856,-0.7917646415220134,-0.3184495954409995,-0.47648562927579025,-1.002811227454782,-0.47065836685765683,-0.39707207295293984,-0.37452894466156006,-0.5063568501537371,-0.7205112908857666,-0.7917646415220134,-0.6230541024254597,-1.002811227454782,-0.40468608492585856,-0.7917646415220134,-0.47648562927579025,-0.7205112908857666,-0.4480407987863512,-0.7917646415220134,-1.002811227454782,-0.5063568501537371,-0.40468608492585856,-0.7205112908857666,-0.7917646415220134,-0.37452894466156006,-0.47648562927579025,-0.4533537796148008,-0.2884738904055484,-0.5760920106141988,-0.5063568501537371,-0.7917646415220134
178,-0.9639178034905073,-1.54094912372599,-0.7232464754023333,-0.9026909203467504,-0.7557958968055386,-1.219878759302165,-1.4400199809953467,-1.1002076406669385,-0.6467740113909802,-0.9437832802650408,-0.8296630329497419,-0.7232464754023333,-0.6910630397817727,-1.219878759302165,-1.54094912372599,-0.7232464754023333,-0.7557958968055386,-0.8296630329497419,-0.910589985503691,-0.7232464754023333,-1.219878759302165,-0.9437832802650408,-1.54094912372599,-0.8296630329497419,-0.7232464754023333,-0.6467740113909802,-0.7557958968055386,-0.5428250559457223,-1.0408322326006303,-0.6309070612778405,-0.9437832802650408,-0.7232464754023333
179,-1.1360649744324745,-0.9025752634481917,-1.5827438196164214,-0.6385225212256351,0.8678704856522054,-0.5006334295498829,0.32458166096174657,-0.8261501923784678,-0.2309755337478168,-1.2516351882139165,-0.722065809683273,-1.5827438196164214,-1.428756287289332,-0.5006334295498829,-0.9025752634481917,-1.5827438196164214,0.8678704856522054,-0.722065809683273,-0.5942292839884008,-1.5827438196164214,-0.5006334295498829,-1.2516351882139165,-0.9025752634481917,-0.722065809683273,-1.5827438196164214,-0.2309755337478168,0.8678704856522054,-0.662976409741112,0.1875018358010163,1.0144367757294197,-1.2516351882139165,-1.5827438196164214
180,0.7957867411053586,0.9757390242769733,0.8245375747495013,0.9544982816797257,1.8832525620169749,1.4696841742764328,0.6612782809169412,0.9046312337161733,0.6629567644515822,1.049093702832521,1.3837615759800945,0.8245375747495013,1.2009155977493635,1.4696841742764328,0.9757390242769733,0.8245375747495013,1.8832525620169749,1.3837615759800945,1.401501074122432,0.8245375747495013,1.4696841742764328,1.049093702832521,0.9757390242769733,1.3837615759800945,0.8245375747495013,0.6629567644515822,1.8832525620169749,0.847603651668433,0.5720908497561514,1.415469475513938,1.049093702832521,0.8245375747495013
181,0.16460887660857298,0.12188872789657568,-0.19779610829893615,0.4492503891274449,0.07433161408591854,-0.9345458363597801,1.1600086551012803,0.2937811636548438,0.24455700013451032,0.121290195878997,0.8628611795828895,-0.19779610829893615,0.6777663814666456,-0.9345458363597801,0.12188872789657568,-0.19779610829893615,0.07433161408591854,0.8628611795828895,0.9171840819838986,-0.19779610829893615,-0.9345458363597801,0.121290195878997,0.12188872789657568,0.8628611795828895,-0.19779610829893615,0.24455700013451032,0.07433161408591854,0.4435319881920333,-0.39543825418129,1.3957886120900216,0.121290195878997,-0.19779610829893615
182,-0.45471450193285684,-1.1355355476546942,-0.5285118784660976,-0.4843726050007369,-1.3602487871175608,-0.3517376859835823,-0.40491274837807645,-0.2612599150152408,-0.44135133514002495,-0.6279192898580495,-0.8487786272190428,-0.5285118784660976,-0.6179104300823492,-0.3517376859835823,-1.1355355476546942,-0.5285118784660976,-1.3602487871175608,-0.8487786272190428,-0.6499972234068574,-0.5285118784660976,-0.3517376859835823,-0.6279192898580495,-1.1355355476546942,-0.8487786272190428,-0.5285118784660976,-0.44135133514002495,-1.3602487871175608,-0.4545461205644305,-0.3972138282380324,-0.5851287301753167,-0.6279192898580495,-0.5285118784660976
183,-3.46979850776005,-3.7389987351167386,0.08658875012713241,-3.1547887014644793,0.16976626975026357,-3.200509302295273,0.698113087293058,0.5569321623576906,-2.994145426777916,0.3786560684187673,-3.3774912503488688,0.08658875012713241,0.16770010627645307,-3.200509302295273,-3.7389987351167386,0.08658875012713241,0.16976626975026357,-3.3774912503488688,0.4362420340779755,0.08658875012713241,-3.200509302295273,0.3786560684187673,-3.7389987351167386,-3.3774912503488688,0.08658875012713241,-2.994145426777916,0.16976626975026357,0.2607728982286131,0.2696546869561446,-3.191021024955818,0.3786560684187673,0.08658875012713241
184,-0.7536001143193269,-0.21232264010098453,-0.8648044539132322,-0.5617874258145911,-0.444626648390832,-0.6749011704429082,0.21342273920684124,-0.31183100143979275,-0.7894918807233872,-0.09814922378318197,-0.967782740150916,-0.8648044539132322,-1.1657142638825346,-0.6749011704429082,-0.21232264010098453,-0.8648044539132322,-0.444626648390832,-0.967782740150916,-1.2631993440903102,-0.8648044539132322,-0.6749011704429082,-0.09814922378318197,-0.21232264010098453,-0.967782740150916,-0.8648044539132322,-0.7894918807233872,-0.444626648390832,-0.3139069827364489,-0.6613150930022105,-1.1043736635513022,-0.09814922378318197,-0.8648044539132322
185,0.8162255468334889,0.974588373023434,1.0020234202336749,0.7734406979898442,1.622136454661812,0.7665958235436685,1.4399864758572842,0.7824678958634622,0.7391361739043518,0.9722161666552246,1.086164261564628,1.0020234202336749,0.8886677588597102,0.7665958235436685,0.974588373023434,1.0020234202336749,1.622136454661812,1.086164261564628,0.9433698318892889,1.0020234202336749,0.7665958235436685,0.9722161666552246,0.974588373023434,1.086164261564628,1.0020234202336749,0.7391361739043518,1.622136454661812,0.43886443927480523,0.7226630405324211,0.8197935352981743,0.9722161666552246,1.0020234202336749
186,-1.0995852222884268,-1.3550990485290766,-1.1251236287635704,-1.0265328198158936,-1.100797956541489,-0.9502381681120209,-0.6037676775778423,-0.9631364913180054,-0.2596638326131599,-1.115934726952321,-1.1893837861397956,-1.1251236287635704,-1.4069391695904396,-0.9502381681120209,-1.3550990485290766,-1.1251236287635704,-1.100797956541489,-1.1893837861397956,-1.274682797324347,-1.1251236287635704,-0.9502381681120209,-1.115934726952321,-1.3550990485290766,-1.1893837861397956,-1.1251236287635704,-0.2596638326131599,-1.100797956541489,-0.9072857930165799,-0.8366247169101108,-1.319905328600599,-1.115934726952321,-1.1251236287635704
187,0.5320745077198427,0.9401099498282586,0.9715360959456587,0.733922203950381,1.1468144223308647,0.5037086775904022,2.059202789350505,0.7221998087983502,0.7536078212287325,0.8534401504729104,0.9905387540831133,0.9715360959456587,0.8254091334198771,0.5037086775904022,0.9401099498282586,0.9715360959456587,1.1468144223308647,0.9905387540831133,0.7092479844413373,0.9715360959456587,0.5037086775904022,0.8534401504729104,0.9401099498282586,0.9905387540831133,0.9715360959456587,0.7536078212287325,1.1468144223308647,0.5448228309544125,0.7416438412488847,0.8113648526268199,0.8534401504729104,0.9715360959456587
188,-0.9286357468610913,-0.8892870066870485,-1.434947201306135,-0.7459882691279626,-0.5511492549901758,0.09588808432905643,-2.581738294550667,-1.43665973216437,-0.549243033480364,-0.5062893320220155,-1.1293946946541829,-1.434947201306135,-1.3018686378623037,0.09588808432905643,-0.8892870066870485,-1.434947201306135,-0.5511492549901758,-1.1293946946541829,-1.0297087455492036,-1.434947201306135,0.09588808432905643,-0.5062893320220155,-0.8892870066870485,-1.1293946946541829,-1.434947201306135,-0.549243033480364,-0.5511492549901758,0.3379406080220585,-1.2231810144995032,-0.9174924951580194,-0.5062893320220155,-1.434947201306135
189,-0.4641821479894558,-0.5745199499589666,-2.1236797610434364,-0.45409708338171034,-1.4688579783071833,-0.6546409431448552,-0.026179658094425608,-0.30297837578431724,-0.5677268377213426,-0.5366580658568426,-0.3628708326507619,-2.1236797610434364,-0.7564504790645608,-0.6546409431448552,-0.5745199499589666,-2.1236797610434364,-1.4688579783071833,-0.3628708326507619,-0.3548627723792382,-2.1236797610434364,-0.6546409431448552,-0.5366580658568426,-0.5745199499589666,-0.3628708326507619,-2.1236797610434364,-0.5677268377213426,-1.4688579783071833,-0.795401480048313,-0.7066453790905453,-0.17702749146877444,-0.5366580658568426,-2.1236797610434364
190,0.41317988273048817,0.8957272716337703,0.563648549061887,0.6265939922947998,0.48008304428168025,0.43176527548789717,1.1815228794450774,0.4275374591540945,0.4136738665966282,0.7174748249374603,1.0895296156659058,0.563648549061887,0.9300678200468849,0.43176527548789717,0.8957272716337703,0.563648549061887,0.48008304428168025,1.0895296156659058,0.7953260517091123,0.563648549061887,0.43176527548789717,0.7174748249374603,0.8957272716337703,1.0895296156659058,0.563648549061887,0.4136738665966282,0.48008304428168025,0.7544253647224326,0.28062691445501353,1.1034963481196842,0.7174748249374603,0.563648549061887
191,-0.04016620630517484,-0.6039594509554894,-0.09977668314724689,-0.3884061185234762,-0.22988949372922413,-0.3917295895262579,-0.7514913074454886,-0.23133632085155728,-0.3710286973020456,-0.17632005694230163,-0.44382167180249293,-0.09977668314724689,-0.16667196916295968,-0.3917295895262579,-0.6039594509554894,-0.09977668314724689,-0.22988949372922413,-0.44382167180249293,-0.4593820289158512,-0.09977668314724689,-0.3917295895262579,-0.17632005694230163,-0.6039594509554894,-0.44382167180249293,-0.09977668314724689,-0.3710286973020456,-0.22988949372922413,-0.3146377840597959,-0.23204126631209812,-0.15640208981035753,-0.17632005694230163,-0.09977668314724689
192,-0.13951074677027753,0.8936528721416862,0.4478256825620457,0.8412779284327523,1.1215253110177257,0.1232680987439601,0.3218608748824588,0.41716151121899,-0.027197681734740034,0.4172935491584478,0.8667978956032002,0.4478256825620457,0.5413944714716087,0.1232680987439601,0.8936528721416862,0.4478256825620457,1.1215253110177257,0.8667978956032002,1.1136309218109426,0.4478256825620457,0.1232680987439601,0.4172935491584478,0.8936528721416862,0.8667978956032002,0.4478256825620457,-0.027197681734740034,1.1215253110177257,0.6764902738464956,-0.1818034243616687,1.3822411039519582,0.4172935491584478,0.4478256825620457
193,-0.8784856489299407,-1.1390578337896584,-1.226032921636851,-1.0256079560623421,-2.020982773121976,-1.7040357521845466,-0.4728758709332653,-0.5598857955778987,-1.2162534080086962,-1.2489654502457919,-1.3417741909412575,-1.226032921636851,-1.1062496122943704,-1.7040357521845466,-1.1390578337896584,-1.226032921636851,-2.020982773121976,-1.3417741909412575,-1.0189145641246056,-1.226032921636851,-1.7040357521845466,-1.2489654502457919,-1.1390578337896584,-1.3417741909412575,-1.226032921636851,-1.2162534080086962,-2.020982773121976,-0.8634934898774096,-0.6870256084782872,-0.984294753047515,-1.2489654502457919,-1.226032921636851
194,0.555683828265322,0.6308310323321114,0.4939048135935582,0.41646207938981755,0.8596853297731734,0.08168230667303968,0.46239967202473214,0.462151566927712,0.170652901849698,0.5856018103724204,0.5879860406386683,0.4939048135935582,0.6174864079538195,0.08168230667303968,0.6308310323321114,0.4939048135935582,0.8596853297731734,0.5879860406386683,0.6702927332927786,0.4939048135935582,0.08168230667303968,0.5856018103724204,0.6308310323321114,0.5879860406386683,0.4939048135935582,0.170652901849698,0.8596853297731734,0.9308581336592989,0.9956722906383528,0.7327843030605767,0.5856018103724204,0.4939048135935582
195,-0.9790546362298213,-1.373135542630185,-0.6006502912144629,-0.7775410997354378,-0.5307672794381425,-0.5910184144075971,-0.713562405298766,-0.7233237164598768,-0.38470019971930447,-0.7428646365837532,-0.8425308529189391,-0.6006502912144629,-0.7459204984646093,-0.5910184144075971,-1.373135542630185,-0.6006502912144629,-0.5307672794381425,-0.8425308529189391,-0.9858950733676531,-0.6006502912144629,-0.5910184144075971,-0.7428646365837532,-1.373135542630185,-0.8425308529189391,-0.6006502912144629,-0.38470019971930447,-0.5307672794381425,-0.5363112152867643,-0.8132486208100207,-0.8018471960888799,-0.7428646365837532,-0.6006502912144629
196,0.03400945306456337,0.14587726720116817,0.26484917628849847,-0.13389623619540106,-0.225290813562528,-0.10530254689471749,-0.6741931574206876,-0.17592097442220975,-0.4907194026369968,0.0933513981909785,-0.5862862775431721,0.26484917628849847,0.09885162893859445,-0.10530254689471749,0.14587726720116817,0.26484917628849847,-0.225290813562528,-0.5862862775431721,-0.451076064274734,0.26484917628849847,-0.10530254689471749,0.0933513981909785,0.14587726720116817,-0.5862862775431721,0.26484917628849847,-0.4907194026369968,-0.225290813562528,-0.7235214475733869,0.19645945619745805,-0.4416362658752909,0.0933513981909785,0.26484917628849847
197,-0.29896742618513733,-0.27079934257993304,0.2022161770844096,-0.32253285655337044,-0.15110277631094265,-0.181555817716433,-1.5909181743719323,-0.24022843634324223,-0.23299181945810044,-0.25647423393201046,-0.7108196723978641,0.2022161770844096,-0.6632135019264056,-0.181555817716433,-0.27079934257993304,0.2022161770844096,-0.15110277631094265,-0.7108196723978641,-0.5437035831019434,0.2022161770844096,-0.181555817716433,-0.25647423393201046,-0.27079934257993304,-0.7108196723978641,0.2022161770844096,-0.23299181945810044,-0.15110277631094265,-0.03804323327667516,-0.020293014524150835,-1.2810567879677768,-0.25647423393201046,0.2022161770844096
198,-0.029076857582532888,-0.06645813629604994,-0.13950325657872262,0.17751688332949742,-0.14049893902530367,-0.679353572460879,0.22969873397541918,0.11318525512984336,-0.04912414308413661,0.07747558344217181,0.493823974816836,-0.13950325657872262,0.4989275965459577,-0.679353572460879,-0.06645813629604994,-0.13950325657872262,-0.14049893902530367,0.493823974816836,0.3939076611107117,-0.13950325657872262,-0.679353572460879,0.07747558344217181,-0.06645813629604994,0.493823974816836,-0.13950325657872262,-0.04912414308413661,-0.14049893902530367,0.40594916282463955,-0.6269588504948778,1.1204750048733008,0.07747558344217181,-0.13950325657872262
199,-0.1821559854456457,-0.43699936307372156,-0.16000888340405167,-0.25952828082334173,-0.2826864316267264,-0.2548013419611191,-0.42167622956288137,-0.19497037062930575,-0.1962735133620408,0.05029229044616387,-0.3431483971908335,-0.16000888340405167,-0.22942712801091286,-0.2548013419611191,-0.43699936307372156,-0.16000888340405167,-0.2826864316267264,-0.3431483971908335,-0.35398883653806856,-0.16000888340405167,-0.2548013419611191,0.05029229044616387,-0.43699936307372156,-0.3431483971908335,-0.16000888340405167,-0.1962735133620408,-0.2826864316267264,-0.575004997076382,-0.15671265223637695,-0.24826254134021636,0.05029229044616387,-0.16000888340405167
200,-0.20076434092105236,0.09007191046226216,-0.08973047951167834,-0.15570433647190457,0.11842536231179393,1.0511330331487851,0.6068613814696591,-0.35045040001246797,0.01974561077382295,-0.1835848526047695,-0.16351681282888286,-0.08973047951167834,-0.04078405398506574,1.0511330331487851,0.09007191046226216,-0.08973047951167834,0.11842536231179393,-0.16351681282888286,-0.31370664317157243,-0.08973047951167834,1.0511330331487851,-0.1835848526047695,0.09007191046226216,-0.16351681282888286,-0.08973047951167834,0.01974561077382295,0.11842536231179393,-0.07805758982493077,0.009969790995311529,-0.3146138466992318,-0.1835848526047695,-0.08973047951167834
201,0.4487433953063198,0.5225531400149205,-0.04536522576423113,0.13211782375251374,0.16813350015692097,0.6628911572560215,0.6226896199160689,0.09266196444073596,0.026995941669745935,0.21629838619065558,0.15415205346190522,-0.04536522576423113,0.001825896878416088,0.6628911572560215,0.5225531400149205,-0.04536522576423113,0.16813350015692097,0.15415205346190522,0.24259507565722696,-0.04536522576423113,0.6628911572560215,0.21629838619065558,0.5225531400149205,0.15415205346190522,-0.04536522576423113,0.026995941669745935,0.16813350015692097,0.21741391993695222,0.3062448902768214,0.05328994020569153,0.21629838619065558,-0.04536522576423113
202,1.239540107634968,1.528388034035991,1.4064379767141195,1.1214891889158936,1.1841223818168105,1.7205118167743318,0.39709193369463885,0.8467292028317314,0.35267552182442585,1.3642447075918183,1.2139538008467556,1.4064379767141195,1.7741972941615525,1.7205118167743318,1.528388034035991,1.4064379767141195,1.1841223818168105,1.2139538008467556,1.1614734495493115,1.4064379767141195,1.7205118167743318,1.3642447075918183,1.528388034035991,1.2139538008467556,1.4064379767141195,0.35267552182442585,1.1841223818168105,1.4569000396054348,0.7077597091374113,0.9942425561139454,1.3642447075918183,1.4064379767141195
203,0.16861585449478123,0.4293408423795657,0.2596594245850792,0.35520321041283004,0.21120203506521748,0.33206451244676305,-0.5539368057622005,0.5061851935112756,-0.0540470547073199,0.1842244537141976,0.3496513176762541,0.2596594245850792,0.25907163501450853,0.33206451244676305,0.4293408423795657,0.2596594245850792,0.21120203506521748,0.3496513176762541,0.43103083336011305,0.2596594245850792,0.33206451244676305,0.1842244537141976,0.4293408423795657,0.3496513176762541,0.2596594245850792,-0.0540470547073199,0.21120203506521748,0.5144518765860195,0.25396373484166407,0.3109701425985523,0.1842244537141976,0.2596594245850792
204,-0.15532589513062595,0.1077673546580571,-0.20192902159731688,0.09070288806388233,0.013962046190845512,-0.3439571233296872,0.02682460771185818,-0.35802135736660917,-0.2873972463424453,-0.1328888019492188,0.47013472758160674,-0.20192902159731688,0.4584608988240128,-0.3439571233296872,0.1077673546580571,-0.20192902159731688,0.013962046190845512,0.47013472758160674,0.553904852801204,-0.20192902159731688,-0.3439571233296872,-0.1328888019492188,0.1077673546580571,0.47013472758160674,-0.20192902159731688,-0.2873972463424453,0.013962046190845512,0.23125160335629183,-0.5549036032780928,0.7814930572426022,-0.1328888019492188,-0.20192902159731688
205,-0.2838120285444766,-0.09891138442100873,-0.1053461547508393,-0.08802337307501433,-0.017889374733938652,-0.03511188060015694,-0.2998943067512186,-0.14505163362398468,-0.35146349717167485,-0.35986243341990287,-0.09336828704170669,-0.1053461547508393,-0.027537810410015302,-0.03511188060015694,-0.09891138442100873,-0.1053461547508393,-0.017889374733938652,-0.09336828704170669,-0.33303892374073923,-0.1053461547508393,-0.03511188060015694,-0.35986243341990287,-0.09891138442100873,-0.09336828704170669,-0.1053461547508393,-0.35146349717167485,-0.017889374733938652,0.24740240468058625,-0.0289556868203163,-0.028686907470212585,-0.35986243341990287,-0.1053461547508393
206,-0.07530033908932972,-0.3456737175628742,-0.2722444517579511,-0.20752530139975378,-0.2832216219037654,-1.713061254434702,-0.44451446634419217,-0.04287071558883738,-0.21422458077587964,-0.1453653064933452,-0.21368057706015342,-0.2722444517579511,-0.3248744293260845,-1.713061254434702,-0.3456737175628742,-0.2722444517579511,-0.2832216219037654,-0.21368057706015342,-0.2385476793477321,-0.2722444517579511,-1.713061254434702,-0.1453653064933452,-0.3456737175628742,-0.21368057706015342,-0.2722444517579511,-0.21422458077587964,-0.2832216219037654,-0.6666908451069503,-0.03687823129490653,-0.20956139263584614,-0.1453653064933452,-0.2722444517579511
207,-1.097815253023836,-0.34521000168955784,-0.38581251185062754,0.2601823070672189,-0.35776476670720647,-0.2889064125830328,-1.7136051840412776,-0.2550103347596108,-2.160951585969809,0.31908153366683556,0.7824601509990612,-0.38581251185062754,0.7691845578110247,-0.2889064125830328,-0.34521000168955784,-0.38581251185062754,-0.35776476670720647,0.7824601509990612,1.0673247007071716,-0.38581251185062754,-0.2889064125830328,0.31908153366683556,-0.34521000168955784,0.7824601509990612,-0.38581251185062754,-2.160951585969809,-0.35776476670720647,0.34015245339311073,-1.4118079484085657,2.203569021592102,0.31908153366683556,-0.38581251185062754
208,-0.7714807285836035,-1.2880517028161897,-0.2771377841637068,0.15748427618112928,-0.2691391066558348,-1.242032468241971,2.156299933045297,0.234910319737272,1.2667199561713554,-0.486573819483384,0.4958078701327083,-0.2771377841637068,0.5358557830700921,-1.242032468241971,-1.2880517028161897,-0.2771377841637068,-0.2691391066558348,0.4958078701327083,0.8061121540832037,-0.2771377841637068,-1.242032468241971,-0.486573819483384,-1.2880517028161897,0.4958078701327083,-0.2771377841637068,1.2667199561713554,-0.2691391066558348,0.07381547706624504,-2.2197849851522986,1.4905247182204417,-0.486573819483384,-0.2771377841637068
209,0.8967279893550861,-0.2806233225341056,-0.312884986327511,0.3760334437326239,-0.11244501961368962,0.022606995979731648,-4.629617671954706,0.4130768310030118,-1.7514676188802758,0.4060546115164574,0.6120368419838516,-0.312884986327511,0.4406497460694015,0.022606995979731648,-0.2806233225341056,-0.312884986327511,-0.11244501961368962,0.6120368419838516,1.0747535205157634,-0.312884986327511,0.022606995979731648,0.4060546115164574,-0.2806233225341056,0.6120368419838516,-0.312884986327511,-1.7514676188802758,-0.11244501961368962,0.052934700098656536,-0.7914910315124928,1.4167139608996457,0.4060546115164574,-0.312884986327511
