,0,1,2,3,4,5,6,7,8,9,10,11,12,13,14,15,16,17,18,19,20,21,22,23,24,25,26,27,28,29,30,31
0,-0.004803687874378954,-0.004803687874378954,-0.004803687874378954,-0.004803687874378954,-0.004803687874378954,-0.004803687874378954,-0.004803687874378954,-0.004803687874378954,-0.004803687874378954,-0.004803687874378954,-0.004803687874378954,-0.004803687874378954,-0.004803687874378954,-0.004803687874378954,-0.004803687874378954,-0.004803687874378954,-0.004803687874378954,-0.004803687874378954,-0.004803687874378954,-0.004800127384977082,-0.004803687874378954,-0.004803687874378954,-0.004803687874378954,-0.004803687874378954,-0.004803687874378954,-0.004803687874378954,-0.004803687874378954,-0.004803687874378954,-0.004800127384977082,-0.004803687874378954,-0.004803687874378954,-0.004803687874378954
1,0.00033279843645297335,0.00033279843645297335,0.00033279843645297335,0.00033279843645297335,0.00033279843645297335,0.00033279843645297335,0.00033279843645297335,0.00033279843645297335,0.00033279843645297335,0.00033279843645297335,0.00033279843645297335,0.00033279843645297335,0.00033279843645297335,0.00033279843645297335,0.00033279843645297335,0.00033279843645297335,0.00033279843645297335,0.00033279843645297335,0.00033279843645297335,-5.867140425857353e-06,0.00033279843645297335,0.00033279843645297335,0.00033279843645297335,0.00033279843645297335,0.00033279843645297335,0.00033279843645297335,0.00033279843645297335,0.00033279843645297335,-5.867140425857353e-06,0.00033279843645297335,0.00033279843645297335,0.00033279843645297335
2,0.0010399844552731901,0.0010399844552731901,0.0010399844552731901,0.0010399844552731901,0.0010399844552731901,0.0010399844552731901,0.0010399844552731901,0.0010399844552731901,0.0010399844552731901,0.0010399844552731901,0.0010399844552731901,0.0010399844552731901,0.0010399844552731901,0.0010399844552731901,0.0010399844552731901,0.0010399844552731901,0.0010399844552731901,0.0010399844552731901,0.0010399844552731901,0.0008362062932554377,0.0010399844552731901,0.0010399844552731901,0.0010399844552731901,0.0010399844552731901,0.0010399844552731901,0.0010399844552731901,0.0010399844552731901,0.0010399844552731901,0.0008362062932554377,0.0010399844552731901,0.0010399844552731901,0.0010399844552731901
3,-0.000570355122813678,-0.000570355122813678,-0.000570355122813678,-0.000570355122813678,-0.000570355122813678,-0.000570355122813678,-0.000570355122813678,-0.000570355122813678,-0.000570355122813678,-0.000570355122813678,-0.000570355122813678,-0.000570355122813678,-0.000570355122813678,-0.000570355122813678,-0.000570355122813678,-0.000570355122813678,-0.000570355122813678,-0.000570355122813678,-0.000570355122813678,-0.0005713198032978307,-0.000570355122813678,-0.000570355122813678,-0.000570355122813678,-0.000570355122813678,-0.000570355122813678,-0.000570355122813678,-0.000570355122813678,-0.000570355122813678,-0.0005713198032978307,-0.000570355122813678,-0.000570355122813678,-0.000570355122813678
4,0.00018425778183178015,0.00018425778183178015,0.00018425778183178015,0.00018425778183178015,0.00018425778183178015,0.00018425778183178015,0.00018425778183178015,0.00018425778183178015,0.00018425778183178015,0.00018425778183178015,0.00018425778183178015,0.00018425778183178015,0.00018425778183178015,0.00018425778183178015,0.00018425778183178015,0.00018425778183178015,0.00018425778183178015,0.00018425778183178015,0.00018425778183178015,0.0002538664453551953,0.00018425778183178015,0.00018425778183178015,0.00018425778183178015,0.00018425778183178015,0.00018425778183178015,0.00018425778183178015,0.00018425778183178015,0.00018425778183178015,0.0002538664453551953,0.00018425778183178015,0.00018425778183178015,0.00018425778183178015
5,0.00011249472688751853,0.00011249472688751853,0.00011249472688751853,0.00011249472688751853,0.00011249472688751853,0.00011249472688751853,0.00011249472688751853,0.00011249472688751853,0.00011249472688751853,0.00011249472688751853,0.00011249472688751853,0.00011249472688751853,0.00011249472688751853,0.00011249472688751853,0.00011249472688751853,0.00011249472688751853,0.00011249472688751853,0.00011249472688751853,0.00011249472688751853,-7.276880023429413e-05,0.00011249472688751853,0.00011249472688751853,0.00011249472688751853,0.00011249472688751853,0.00011249472688751853,0.00011249472688751853,0.00011249472688751853,0.00011249472688751853,-7.276880023429413e-05,0.00011249472688751853,0.00011249472688751853,0.00011249472688751853
6,0.0007999364380409467,0.0007999364380409467,0.0007999364380409467,0.0007999364380409467,0.0007999364380409467,0.0007999364380409467,0.0007999364380409467,0.0007999364380409467,0.0007999364380409467,0.0007999364380409467,0.0007999364380409467,0.0007999364380409467,0.0007999364380409467,0.0007999364380409467,0.0007999364380409467,0.0007999364380409467,0.0007999364380409467,0.0007999364380409467,0.0007999364380409467,0.0007297087849205518,0.0007999364380409467,0.0007999364380409467,0.0007999364380409467,0.0007999364380409467,0.0007999364380409467,0.0007999364380409467,0.0007999364380409467,0.0007999364380409467,0.0007297087849205518,0.0007999364380409467,0.0007999364380409467,0.0007999364380409467
7,0.0020313446992088003,0.0020313446992088003,0.0020313446992088003,0.0020313446992088003,0.0020313446992088003,0.0020313446992088003,0.0020313446992088003,0.0020313446992088003,0.0020313446992088003,0.0020313446992088003,0.0020313446992088003,0.0020313446992088003,0.0020313446992088003,0.0020313446992088003,0.0020313446992088003,0.0020313446992088003,0.0020313446992088003,0.0020313446992088003,0.0020313446992088003,0.001879962047399088,0.0020313446992088003,0.0020313446992088003,0.0020313446992088003,0.0020313446992088003,0.0020313446992088003,0.0020313446992088003,0.0020313446992088003,0.0020313446992088003,0.001879962047399088,0.0020313446992088003,0.0020313446992088003,0.0020313446992088003
8,0.0004660508582431791,0.0004660508582431791,0.0004660508582431791,0.0004660508582431791,0.0004660508582431791,0.0004660508582431791,0.0004660508582431791,0.0004660508582431791,0.0004660508582431791,0.0004660508582431791,0.0004660508582431791,0.0004660508582431791,0.0004660508582431791,0.0004660508582431791,0.0004660508582431791,0.0004660508582431791,0.0004660508582431791,0.0004660508582431791,0.0004660508582431791,0.00046600509495981434,0.0004660508582431791,0.0004660508582431791,0.0004660508582431791,0.0004660508582431791,0.0004660508582431791,0.0004660508582431791,0.0004660508582431791,0.0004660508582431791,0.00046600509495981434,0.0004660508582431791,0.0004660508582431791,0.0004660508582431791
9,-0.00031256137954437,-0.00031256137954437,-0.00031256137954437,-0.00031256137954437,-0.00031256137954437,-0.00031256137954437,-0.00031256137954437,-0.00031256137954437,-0.00031256137954437,-0.00031256137954437,-0.00031256137954437,-0.00031256137954437,-0.00031256137954437,-0.00031256137954437,-0.00031256137954437,-0.00031256137954437,-0.00031256137954437,-0.00031256137954437,-0.00031256137954437,-0.00031452381101763796,-0.00031256137954437,-0.00031256137954437,-0.00031256137954437,-0.00031256137954437,-0.00031256137954437,-0.00031256137954437,-0.00031256137954437,-0.00031256137954437,-0.00031452381101763796,-0.00031256137954437,-0.00031256137954437,-0.00031256137954437
10,-0.00017519895262087853,-0.00017519895262087853,-0.00017519895262087853,-0.00017519895262087853,-0.00017519895262087853,-0.00017519895262087853,-0.00017519895262087853,-0.00017519895262087853,-0.00017519895262087853,-0.00017519895262087853,-0.00017519895262087853,-0.00017519895262087853,-0.00017519895262087853,-0.00017519895262087853,-0.00017519895262087853,-0.00017519895262087853,-0.00017519895262087853,-0.00017519895262087853,-0.00017519895262087853,-0.0003196018445613899,-0.00017519895262087853,-0.00017519895262087853,-0.00017519895262087853,-0.00017519895262087853,-0.00017519895262087853,-0.00017519895262087853,-0.00017519895262087853,-0.00017519895262087853,-0.0003196018445613899,-0.00017519895262087853,-0.00017519895262087853,-0.00017519895262087853
11,0.0025649184538008656,0.0025649184538008656,0.0025649184538008656,0.0025649184538008656,0.0025649184538008656,0.0025649184538008656,0.0025649184538008656,0.0025649184538008656,0.0025649184538008656,0.0025649184538008656,0.0025649184538008656,0.0025649184538008656,0.0025649184538008656,0.0025649184538008656,0.0025649184538008656,0.0025649184538008656,0.0025649184538008656,0.0025649184538008656,0.0025649184538008656,0.0021105998956811732,0.0025649184538008656,0.0025649184538008656,0.0025649184538008656,0.0025649184538008656,0.0025649184538008656,0.0025649184538008656,0.0025649184538008656,0.0025649184538008656,0.0021105998956811732,0.0025649184538008656,0.0025649184538008656,0.0025649184538008656
12,0.0028413133066846528,0.0028413133066846528,0.0028413133066846528,0.0028413133066846528,0.0028413133066846528,0.0028413133066846528,0.0028413133066846528,0.0028413133066846528,0.0028413133066846528,0.0028413133066846528,0.0028413133066846528,0.0028413133066846528,0.0028413133066846528,0.0028413133066846528,0.0028413133066846528,0.0028413133066846528,0.0028413133066846528,0.0028413133066846528,0.0028413133066846528,0.0025515089389633898,0.0028413133066846528,0.0028413133066846528,0.0028413133066846528,0.0028413133066846528,0.0028413133066846528,0.0028413133066846528,0.0028413133066846528,0.0028413133066846528,0.0025515089389633898,0.0028413133066846528,0.0028413133066846528,0.0028413133066846528
13,-0.0023645640319818937,-0.0023645640319818937,-0.0023645640319818937,-0.0023645640319818937,-0.0023645640319818937,-0.0023645640319818937,-0.0023645640319818937,-0.0023645640319818937,-0.0023645640319818937,-0.0023645640319818937,-0.0023645640319818937,-0.0023645640319818937,-0.0023645640319818937,-0.0023645640319818937,-0.0023645640319818937,-0.0023645640319818937,-0.0023645640319818937,-0.0023645640319818937,-0.0023645640319818937,-0.0023976041977878102,-0.0023645640319818937,-0.0023645640319818937,-0.0023645640319818937,-0.0023645640319818937,-0.0023645640319818937,-0.0023645640319818937,-0.0023645640319818937,-0.0023645640319818937,-0.0023976041977878102,-0.0023645640319818937,-0.0023645640319818937,-0.0023645640319818937
14,0.0006079386633971313,0.0006079386633971313,0.0006079386633971313,0.0006079386633971313,0.0006079386633971313,0.0006079386633971313,0.0006079386633971313,0.0006079386633971313,0.0006079386633971313,0.0006079386633971313,0.0006079386633971313,0.0006079386633971313,0.0006079386633971313,0.0006079386633971313,0.0006079386633971313,0.0006079386633971313,0.0006079386633971313,0.0006079386633971313,0.0006079386633971313,0.0004656950277690338,0.0006079386633971313,0.0006079386633971313,0.0006079386633971313,0.0006079386633971313,0.0006079386633971313,0.0006079386633971313,0.0006079386633971313,0.0006079386633971313,0.0004656950277690338,0.0006079386633971313,0.0006079386633971313,0.0006079386633971313
15,0.004112628887790611,0.004112628887790611,0.004112628887790611,0.004112628887790611,0.004112628887790611,0.004112628887790611,0.004112628887790611,0.004112628887790611,0.004112628887790611,0.004112628887790611,0.004112628887790611,0.004112628887790611,0.004112628887790611,0.004112628887790611,0.004112628887790611,0.004112628887790611,0.004112628887790611,0.004112628887790611,0.004112628887790611,0.003391948920094834,0.004112628887790611,0.004112628887790611,0.004112628887790611,0.004112628887790611,0.004112628887790611,0.004112628887790611,0.004112628887790611,0.004112628887790611,0.003391948920094834,0.004112628887790611,0.004112628887790611,0.004112628887790611
16,0.0015760054483272804,0.0015760054483272804,0.0015760054483272804,0.0015760054483272804,0.0015760054483272804,0.0015760054483272804,0.0015760054483272804,0.0015760054483272804,0.0015760054483272804,0.0015760054483272804,0.0015760054483272804,0.0015760054483272804,0.0015760054483272804,0.0015760054483272804,0.0015760054483272804,0.0015760054483272804,0.0015760054483272804,0.0015760054483272804,0.0015760054483272804,0.00029267412511580914,0.0015760054483272804,0.0015760054483272804,0.0015760054483272804,0.0015760054483272804,0.0015760054483272804,0.0015760054483272804,0.0015760054483272804,0.0015760054483272804,0.00029267412511580914,0.0015760054483272804,0.0015760054483272804,0.0015760054483272804
17,0.0016873346479342032,0.0016873346479342032,0.0016873346479342032,0.0016873346479342032,0.0016873346479342032,0.0016873346479342032,0.0016873346479342032,0.0016873346479342032,0.0016873346479342032,0.0016873346479342032,0.0016873346479342032,0.0016873346479342032,0.0016873346479342032,0.0016873346479342032,0.0016873346479342032,0.0016873346479342032,0.0016873346479342032,0.0016873346479342032,0.0016873346479342032,0.00130318354573402,0.0016873346479342032,0.0016873346479342032,0.0016873346479342032,0.0016873346479342032,0.0016873346479342032,0.0016873346479342032,0.0016873346479342032,0.0016873346479342032,0.00130318354573402,0.0016873346479342032,0.0016873346479342032,0.0016873346479342032
18,0.0029207081185759678,0.0029207081185759678,0.0029207081185759678,0.0029207081185759678,0.0029207081185759678,0.0029207081185759678,0.0029207081185759678,0.0029207081185759678,0.0029207081185759678,0.0029207081185759678,0.0029207081185759678,0.0029207081185759678,0.0029207081185759678,0.0029207081185759678,0.0029207081185759678,0.0029207081185759678,0.0029207081185759678,0.0029207081185759678,0.0029207081185759678,0.0019314946948916427,0.0029207081185759678,0.0029207081185759678,0.0029207081185759678,0.0029207081185759678,0.0029207081185759678,0.0029207081185759678,0.0029207081185759678,0.0029207081185759678,0.0019314946948916427,0.0029207081185759678,0.0029207081185759678,0.0029207081185759678
19,-0.0013515770858401968,-0.0013515770858401968,-0.0013515770858401968,-0.0013515770858401968,-0.0013515770858401968,-0.0013515770858401968,-0.0013515770858401968,-0.0013515770858401968,-0.0013515770858401968,-0.0013515770858401968,-0.0013515770858401968,-0.0013515770858401968,-0.0013515770858401968,-0.0013515770858401968,-0.0013515770858401968,-0.0013515770858401968,-0.0013515770858401968,-0.0013515770858401968,-0.0013515770858401968,-0.008223387419681873,-0.0013515770858401968,-0.0013515770858401968,-0.0013515770858401968,-0.0013515770858401968,-0.0013515770858401968,-0.0013515770858401968,-0.0013515770858401968,-0.0013515770858401968,-0.008223387419681873,-0.0013515770858401968,-0.0013515770858401968,-0.0013515770858401968
20,9.62064775482878,9.62064775482878,9.62064775482878,9.62064775482878,9.62064775482878,9.62064775482878,9.62064775482878,9.62064775482878,9.62064775482878,9.62064775482878,9.62064775482878,9.62064775482878,9.62064775482878,9.62064775482878,9.62064775482878,9.62064775482878,9.62064775482878,9.62064775482878,9.62064775482878,9.59662598233127,9.62064775482878,9.62064775482878,9.62064775482878,9.62064775482878,9.62064775482878,9.62064775482878,9.62064775482878,9.62064775482878,9.59662598233127,9.62064775482878,9.62064775482878,9.62064775482878
21,1.125832898734849,1.125832898734849,1.125832898734849,1.125832898734849,1.125832898734849,1.125832898734849,1.125832898734849,1.125832898734849,1.125832898734849,1.125832898734849,1.125832898734849,1.125832898734849,1.125832898734849,1.125832898734849,1.125832898734849,1.125832898734849,1.125832898734849,1.125832898734849,1.125832898734849,1.1261893116912225,1.125832898734849,1.125832898734849,1.125832898734849,1.125832898734849,1.125832898734849,1.125832898734849,1.125832898734849,1.125832898734849,1.1261893116912225,1.125832898734849,1.125832898734849,1.125832898734849
22,2.881634509446076,2.881634509446076,2.881634509446076,2.881634509446076,2.881634509446076,2.881634509446076,2.881634509446076,2.881634509446076,2.881634509446076,2.881634509446076,2.881634509446076,2.881634509446076,2.881634509446076,2.881634509446076,2.881634509446076,2.881634509446076,2.881634509446076,2.881634509446076,2.881634509446076,2.8810307571132796,2.881634509446076,2.881634509446076,2.881634509446076,2.881634509446076,2.881634509446076,2.881634509446076,2.881634509446076,2.881634509446076,2.8810307571132796,2.881634509446076,2.881634509446076,2.881634509446076
23,-0.24261831616234222,-0.24261831616234222,-0.24261831616234222,-0.24261831616234222,-0.24261831616234222,-0.24261831616234222,-0.24261831616234222,-0.24261831616234222,-0.24261831616234222,-0.24261831616234222,-0.24261831616234222,-0.24261831616234222,-0.24261831616234222,-0.24261831616234222,-0.24261831616234222,-0.24261831616234222,-0.24261831616234222,-0.24261831616234222,-0.24261831616234222,-0.2412383227182933,-0.24261831616234222,-0.24261831616234222,-0.24261831616234222,-0.24261831616234222,-0.24261831616234222,-0.24261831616234222,-0.24261831616234222,-0.24261831616234222,-0.2412383227182933,-0.24261831616234222,-0.24261831616234222,-0.24261831616234222
24,-0.1309312048077875,-0.1309312048077875,-0.1309312048077875,-0.1309312048077875,-0.1309312048077875,-0.1309312048077875,-0.1309312048077875,-0.1309312048077875,-0.1309312048077875,-0.1309312048077875,-0.1309312048077875,-0.1309312048077875,-0.1309312048077875,-0.1309312048077875,-0.1309312048077875,-0.1309312048077875,-0.1309312048077875,-0.1309312048077875,-0.1309312048077875,-0.12911141802089163,-0.1309312048077875,-0.1309312048077875,-0.1309312048077875,-0.1309312048077875,-0.1309312048077875,-0.1309312048077875,-0.1309312048077875,-0.1309312048077875,-0.12911141802089163,-0.1309312048077875,-0.1309312048077875,-0.1309312048077875
25,1.1543625175050465,1.1543625175050465,1.1543625175050465,1.1543625175050465,1.1543625175050465,1.1543625175050465,1.1543625175050465,1.1543625175050465,1.1543625175050465,1.1543625175050465,1.1543625175050465,1.1543625175050465,1.1543625175050465,1.1543625175050465,1.1543625175050465,1.1543625175050465,1.1543625175050465,1.1543625175050465,1.1543625175050465,1.1599474292466936,1.1543625175050465,1.1543625175050465,1.1543625175050465,1.1543625175050465,1.1543625175050465,1.1543625175050465,1.1543625175050465,1.1543625175050465,1.1599474292466936,1.1543625175050465,1.1543625175050465,1.1543625175050465
26,3.410140621143792,3.410140621143792,3.410140621143792,3.410140621143792,3.410140621143792,3.410140621143792,3.410140621143792,3.410140621143792,3.410140621143792,3.410140621143792,3.410140621143792,3.410140621143792,3.410140621143792,3.410140621143792,3.410140621143792,3.410140621143792,3.410140621143792,3.410140621143792,3.410140621143792,3.405955589200285,3.410140621143792,3.410140621143792,3.410140621143792,3.410140621143792,3.410140621143792,3.410140621143792,3.410140621143792,3.410140621143792,3.405955589200285,3.410140621143792,3.410140621143792,3.410140621143792
27,-0.01871169604839641,-0.01871169604839641,-0.01871169604839641,-0.01871169604839641,-0.01871169604839641,-0.01871169604839641,-0.01871169604839641,-0.01871169604839641,-0.01871169604839641,-0.01871169604839641,-0.01871169604839641,-0.01871169604839641,-0.01871169604839641,-0.01871169604839641,-0.01871169604839641,-0.01871169604839641,-0.01871169604839641,-0.01871169604839641,-0.01871169604839641,-0.017835072870993132,-0.01871169604839641,-0.01871169604839641,-0.01871169604839641,-0.01871169604839641,-0.01871169604839641,-0.01871169604839641,-0.01871169604839641,-0.01871169604839641,-0.017835072870993132,-0.01871169604839641,-0.01871169604839641,-0.01871169604839641
28,0.03745445977865524,0.03745445977865524,0.03745445977865524,0.03745445977865524,0.03745445977865524,0.03745445977865524,0.03745445977865524,0.03745445977865524,0.03745445977865524,0.03745445977865524,0.03745445977865524,0.03745445977865524,0.03745445977865524,0.03745445977865524,0.03745445977865524,0.03745445977865524,0.03745445977865524,0.03745445977865524,0.03745445977865524,0.03831161857889506,0.03745445977865524,0.03745445977865524,0.03745445977865524,0.03745445977865524,0.03745445977865524,0.03745445977865524,0.03745445977865524,0.03745445977865524,0.03831161857889506,0.03745445977865524,0.03745445977865524,0.03745445977865524
29,0.14294419108274414,0.14294419108274414,0.14294419108274414,0.14294419108274414,0.14294419108274414,0.14294419108274414,0.14294419108274414,0.14294419108274414,0.14294419108274414,0.14294419108274414,0.14294419108274414,0.14294419108274414,0.14294419108274414,0.14294419108274414,0.14294419108274414,0.14294419108274414,0.14294419108274414,0.14294419108274414,0.14294419108274414,0.14369962486028323,0.14294419108274414,0.14294419108274414,0.14294419108274414,0.14294419108274414,0.14294419108274414,0.14294419108274414,0.14294419108274414,0.14294419108274414,0.14369962486028323,0.14294419108274414,0.14294419108274414,0.14294419108274414
30,0.3589866748199603,0.3589866748199603,0.3589866748199603,0.3589866748199603,0.3589866748199603,0.3589866748199603,0.3589866748199603,0.3589866748199603,0.3589866748199603,0.3589866748199603,0.3589866748199603,0.3589866748199603,0.3589866748199603,0.3589866748199603,0.3589866748199603,0.3589866748199603,0.3589866748199603,0.3589866748199603,0.3589866748199603,0.3601681692773103,0.3589866748199603,0.3589866748199603,0.3589866748199603,0.3589866748199603,0.3589866748199603,0.3589866748199603,0.3589866748199603,0.3589866748199603,0.3601681692773103,0.3589866748199603,0.3589866748199603,0.3589866748199603
31,1.0973395791058598,1.0973395791058598,1.0973395791058598,1.0973395791058598,1.0973395791058598,1.0973395791058598,1.0973395791058598,1.0973395791058598,1.0973395791058598,1.0973395791058598,1.0973395791058598,1.0973395791058598,1.0973395791058598,1.0973395791058598,1.0973395791058598,1.0973395791058598,1.0973395791058598,1.0973395791058598,1.0973395791058598,1.098617865231627,1.0973395791058598,1.0973395791058598,1.0973395791058598,1.0973395791058598,1.0973395791058598,1.0973395791058598,1.0973395791058598,1.0973395791058598,1.098617865231627,1.0973395791058598,1.0973395791058598,1.0973395791058598
32,0.6920494092646305,0.6920494092646305,0.6920494092646305,0.6920494092646305,0.6920494092646305,0.6920494092646305,0.6920494092646305,0.6920494092646305,0.6920494092646305,0.6920494092646305,0.6920494092646305,0.6920494092646305,0.6920494092646305,0.6920494092646305,0.6920494092646305,0.6920494092646305,0.6920494092646305,0.6920494092646305,0.6920494092646305,0.688824497315387,0.6920494092646305,0.6920494092646305,0.6920494092646305,0.6920494092646305,0.6920494092646305,0.6920494092646305,0.6920494092646305,0.6920494092646305,0.688824497315387,0.6920494092646305,0.6920494092646305,0.6920494092646305
33,0.6563972638520009,0.6563972638520009,0.6563972638520009,0.6563972638520009,0.6563972638520009,0.6563972638520009,0.6563972638520009,0.6563972638520009,0.6563972638520009,0.6563972638520009,0.6563972638520009,0.6563972638520009,0.6563972638520009,0.6563972638520009,0.6563972638520009,0.6563972638520009,0.6563972638520009,0.6563972638520009,0.6563972638520009,0.6591482899049103,0.6563972638520009,0.6563972638520009,0.6563972638520009,0.6563972638520009,0.6563972638520009,0.6563972638520009,0.6563972638520009,0.6563972638520009,0.6591482899049103,0.6563972638520009,0.6563972638520009,0.6563972638520009
34,4.6991189035433045,4.6991189035433045,4.6991189035433045,4.6991189035433045,4.6991189035433045,4.6991189035433045,4.6991189035433045,4.6991189035433045,4.6991189035433045,4.6991189035433045,4.6991189035433045,4.6991189035433045,4.6991189035433045,4.6991189035433045,4.6991189035433045,4.6991189035433045,4.6991189035433045,4.6991189035433045,4.6991189035433045,4.694807711012739,4.6991189035433045,4.6991189035433045,4.6991189035433045,4.6991189035433045,4.6991189035433045,4.6991189035433045,4.6991189035433045,4.6991189035433045,4.694807711012739,4.6991189035433045,4.6991189035433045,4.6991189035433045
35,3.532086856424604,3.532086856424604,3.532086856424604,3.532086856424604,3.532086856424604,3.532086856424604,3.532086856424604,3.532086856424604,3.532086856424604,3.532086856424604,3.532086856424604,3.532086856424604,3.532086856424604,3.532086856424604,3.532086856424604,3.532086856424604,3.532086856424604,3.532086856424604,3.532086856424604,3.526288520002871,3.532086856424604,3.532086856424604,3.532086856424604,3.532086856424604,3.532086856424604,3.532086856424604,3.532086856424604,3.532086856424604,3.526288520002871,3.532086856424604,3.532086856424604,3.532086856424604
36,0.7159653697512198,0.7159653697512198,0.7159653697512198,0.7159653697512198,0.7159653697512198,0.7159653697512198,0.7159653697512198,0.7159653697512198,0.7159653697512198,0.7159653697512198,0.7159653697512198,0.7159653697512198,0.7159653697512198,0.7159653697512198,0.7159653697512198,0.7159653697512198,0.7159653697512198,0.7159653697512198,0.7159653697512198,0.7165352049506539,0.7159653697512198,0.7159653697512198,0.7159653697512198,0.7159653697512198,0.7159653697512198,0.7159653697512198,0.7159653697512198,0.7159653697512198,0.7165352049506539,0.7159653697512198,0.7159653697512198,0.7159653697512198
37,-0.07112980136528341,-0.07112980136528341,-0.07112980136528341,-0.07112980136528341,-0.07112980136528341,-0.07112980136528341,-0.07112980136528341,-0.07112980136528341,-0.07112980136528341,-0.07112980136528341,-0.07112980136528341,-0.07112980136528341,-0.07112980136528341,-0.07112980136528341,-0.07112980136528341,-0.07112980136528341,-0.07112980136528341,-0.07112980136528341,-0.07112980136528341,-0.0751445073171519,-0.07112980136528341,-0.07112980136528341,-0.07112980136528341,-0.07112980136528341,-0.07112980136528341,-0.07112980136528341,-0.07112980136528341,-0.07112980136528341,-0.0751445073171519,-0.07112980136528341,-0.07112980136528341,-0.07112980136528341
38,0.5726286937165211,0.5726286937165211,0.5726286937165211,0.5726286937165211,0.5726286937165211,0.5726286937165211,0.5726286937165211,0.5726286937165211,0.5726286937165211,0.5726286937165211,0.5726286937165211,0.5726286937165211,0.5726286937165211,0.5726286937165211,0.5726286937165211,0.5726286937165211,0.5726286937165211,0.5726286937165211,0.5726286937165211,0.5704263529191803,0.5726286937165211,0.5726286937165211,0.5726286937165211,0.5726286937165211,0.5726286937165211,0.5726286937165211,0.5726286937165211,0.5726286937165211,0.5704263529191803,0.5726286937165211,0.5726286937165211,0.5726286937165211
39,0.13140019174906414,0.13140019174906414,0.13140019174906414,0.13140019174906414,0.13140019174906414,0.13140019174906414,0.13140019174906414,0.13140019174906414,0.13140019174906414,0.13140019174906414,0.13140019174906414,0.13140019174906414,0.13140019174906414,0.13140019174906414,0.13140019174906414,0.13140019174906414,0.13140019174906414,0.13140019174906414,0.13140019174906414,0.13058336662937572,0.13140019174906414,0.13140019174906414,0.13140019174906414,0.13140019174906414,0.13140019174906414,0.13140019174906414,0.13140019174906414,0.13140019174906414,0.13058336662937572,0.13140019174906414,0.13140019174906414,0.13140019174906414
40,0.11213442805567603,0.11213442805567603,0.11213442805567603,0.11213442805567603,0.11213442805567603,0.11213442805567603,0.11213442805567603,0.11213442805567603,0.11213442805567603,0.11213442805567603,0.11213442805567603,0.11213442805567603,0.11213442805567603,0.11213442805567603,0.11213442805567603,0.11213442805567603,0.11213442805567603,0.11213442805567603,0.11213442805567603,0.11353655860767928,0.11213442805567603,0.11213442805567603,0.11213442805567603,0.11213442805567603,0.11213442805567603,0.11213442805567603,0.11213442805567603,0.11213442805567603,0.11353655860767928,0.11213442805567603,0.11213442805567603,0.11213442805567603
41,-0.12888817487495152,-0.12888817487495152,-0.12888817487495152,-0.12888817487495152,-0.12888817487495152,-0.12888817487495152,-0.12888817487495152,-0.12888817487495152,-0.12888817487495152,-0.12888817487495152,-0.12888817487495152,-0.12888817487495152,-0.12888817487495152,-0.12888817487495152,-0.12888817487495152,-0.12888817487495152,-0.12888817487495152,-0.12888817487495152,-0.12888817487495152,-0.127945844181766,-0.12888817487495152,-0.12888817487495152,-0.12888817487495152,-0.12888817487495152,-0.12888817487495152,-0.12888817487495152,-0.12888817487495152,-0.12888817487495152,-0.127945844181766,-0.12888817487495152,-0.12888817487495152,-0.12888817487495152
42,0.10453407022810125,0.10453407022810125,0.10453407022810125,0.10453407022810125,0.10453407022810125,0.10453407022810125,0.10453407022810125,0.10453407022810125,0.10453407022810125,0.10453407022810125,0.10453407022810125,0.10453407022810125,0.10453407022810125,0.10453407022810125,0.10453407022810125,0.10453407022810125,0.10453407022810125,0.10453407022810125,0.10453407022810125,0.10477583849816996,0.10453407022810125,0.10453407022810125,0.10453407022810125,0.10453407022810125,0.10453407022810125,0.10453407022810125,0.10453407022810125,0.10453407022810125,0.10477583849816996,0.10453407022810125,0.10453407022810125,0.10453407022810125
43,0.8854320194189821,0.8854320194189821,0.8854320194189821,0.8854320194189821,0.8854320194189821,0.8854320194189821,0.8854320194189821,0.8854320194189821,0.8854320194189821,0.8854320194189821,0.8854320194189821,0.8854320194189821,0.8854320194189821,0.8854320194189821,0.8854320194189821,0.8854320194189821,0.8854320194189821,0.8854320194189821,0.8854320194189821,0.881691236196869,0.8854320194189821,0.8854320194189821,0.8854320194189821,0.8854320194189821,0.8854320194189821,0.8854320194189821,0.8854320194189821,0.8854320194189821,0.881691236196869,0.8854320194189821,0.8854320194189821,0.8854320194189821
44,2.4487748752945677,2.4487748752945677,2.4487748752945677,2.4487748752945677,2.4487748752945677,2.4487748752945677,2.4487748752945677,2.4487748752945677,2.4487748752945677,2.4487748752945677,2.4487748752945677,2.4487748752945677,2.4487748752945677,2.4487748752945677,2.4487748752945677,2.4487748752945677,2.4487748752945677,2.4487748752945677,2.4487748752945677,2.4460062611485176,2.4487748752945677,2.4487748752945677,2.4487748752945677,2.4487748752945677,2.4487748752945677,2.4487748752945677,2.4487748752945677,2.4487748752945677,2.4460062611485176,2.4487748752945677,2.4487748752945677,2.4487748752945677
45,-0.005970360350582158,-0.005970360350582158,-0.005970360350582158,-0.005970360350582158,-0.005970360350582158,-0.005970360350582158,-0.005970360350582158,-0.005970360350582158,-0.005970360350582158,-0.005970360350582158,-0.005970360350582158,-0.005970360350582158,-0.005970360350582158,-0.005970360350582158,-0.005970360350582158,-0.005970360350582158,-0.005970360350582158,-0.005970360350582158,-0.005970360350582158,-0.005440701163924874,-0.005970360350582158,-0.005970360350582158,-0.005970360350582158,-0.005970360350582158,-0.005970360350582158,-0.005970360350582158,-0.005970360350582158,-0.005970360350582158,-0.005440701163924874,-0.005970360350582158,-0.005970360350582158,-0.005970360350582158
46,2.289540306345698,2.289540306345698,2.289540306345698,2.289540306345698,2.289540306345698,2.289540306345698,2.289540306345698,2.289540306345698,2.289540306345698,2.289540306345698,2.289540306345698,2.289540306345698,2.289540306345698,2.289540306345698,2.289540306345698,2.289540306345698,2.289540306345698,2.289540306345698,2.289540306345698,2.2884577357760767,2.289540306345698,2.289540306345698,2.289540306345698,2.289540306345698,2.289540306345698,2.289540306345698,2.289540306345698,2.289540306345698,2.2884577357760767,2.289540306345698,2.289540306345698,2.289540306345698
47,2.0781483748393073,2.0781483748393073,2.0781483748393073,2.0781483748393073,2.0781483748393073,2.0781483748393073,2.0781483748393073,2.0781483748393073,2.0781483748393073,2.0781483748393073,2.0781483748393073,2.0781483748393073,2.0781483748393073,2.0781483748393073,2.0781483748393073,2.0781483748393073,2.0781483748393073,2.0781483748393073,2.0781483748393073,2.073955457373189,2.0781483748393073,2.0781483748393073,2.0781483748393073,2.0781483748393073,2.0781483748393073,2.0781483748393073,2.0781483748393073,2.0781483748393073,2.073955457373189,2.0781483748393073,2.0781483748393073,2.0781483748393073
48,0.020697799811954815,0.020697799811954815,0.020697799811954815,0.020697799811954815,0.020697799811954815,0.020697799811954815,0.020697799811954815,0.020697799811954815,0.020697799811954815,0.020697799811954815,0.020697799811954815,0.020697799811954815,0.020697799811954815,0.020697799811954815,0.020697799811954815,0.020697799811954815,0.020697799811954815,0.020697799811954815,0.020697799811954815,0.02329862851063044,0.020697799811954815,0.020697799811954815,0.020697799811954815,0.020697799811954815,0.020697799811954815,0.020697799811954815,0.020697799811954815,0.020697799811954815,0.02329862851063044,0.020697799811954815,0.020697799811954815,0.020697799811954815
49,0.03978206902910772,0.03978206902910772,0.03978206902910772,0.03978206902910772,0.03978206902910772,0.03978206902910772,0.03978206902910772,0.03978206902910772,0.03978206902910772,0.03978206902910772,0.03978206902910772,0.03978206902910772,0.03978206902910772,0.03978206902910772,0.03978206902910772,0.03978206902910772,0.03978206902910772,0.03978206902910772,0.03978206902910772,0.0397103427691647,0.03978206902910772,0.03978206902910772,0.03978206902910772,0.03978206902910772,0.03978206902910772,0.03978206902910772,0.03978206902910772,0.03978206902910772,0.0397103427691647,0.03978206902910772,0.03978206902910772,0.03978206902910772
50,1.864553586805787,1.864553586805787,1.864553586805787,1.864553586805787,1.864553586805787,1.864553586805787,1.864553586805787,1.864553586805787,1.864553586805787,1.864553586805787,1.864553586805787,1.864553586805787,1.864553586805787,1.864553586805787,1.864553586805787,1.864553586805787,1.864553586805787,1.864553586805787,1.864553586805787,1.865750650537321,1.864553586805787,1.864553586805787,1.864553586805787,1.864553586805787,1.864553586805787,1.864553586805787,1.864553586805787,1.864553586805787,1.865750650537321,1.864553586805787,1.864553586805787,1.864553586805787
51,-0.09361363642479348,-0.09361363642479348,-0.09361363642479348,-0.09361363642479348,-0.09361363642479348,-0.09361363642479348,-0.09361363642479348,-0.09361363642479348,-0.09361363642479348,-0.09361363642479348,-0.09361363642479348,-0.09361363642479348,-0.09361363642479348,-0.09361363642479348,-0.09361363642479348,-0.09361363642479348,-0.09361363642479348,-0.09361363642479348,-0.09361363642479348,-0.09286288082156276,-0.09361363642479348,-0.09361363642479348,-0.09361363642479348,-0.09361363642479348,-0.09361363642479348,-0.09361363642479348,-0.09361363642479348,-0.09361363642479348,-0.09286288082156276,-0.09361363642479348,-0.09361363642479348,-0.09361363642479348
52,-0.32471045721229785,-0.32471045721229785,-0.32471045721229785,-0.32471045721229785,-0.32471045721229785,-0.32471045721229785,-0.32471045721229785,-0.32471045721229785,-0.32471045721229785,-0.32471045721229785,-0.32471045721229785,-0.32471045721229785,-0.32471045721229785,-0.32471045721229785,-0.32471045721229785,-0.32471045721229785,-0.32471045721229785,-0.32471045721229785,-0.32471045721229785,-0.32446635703925175,-0.32471045721229785,-0.32471045721229785,-0.32471045721229785,-0.32471045721229785,-0.32471045721229785,-0.32471045721229785,-0.32471045721229785,-0.32471045721229785,-0.32446635703925175,-0.32471045721229785,-0.32471045721229785,-0.32471045721229785
53,0.021624782393014547,0.021624782393014547,0.021624782393014547,0.021624782393014547,0.021624782393014547,0.021624782393014547,0.021624782393014547,0.021624782393014547,0.021624782393014547,0.021624782393014547,0.021624782393014547,0.021624782393014547,0.021624782393014547,0.021624782393014547,0.021624782393014547,0.021624782393014547,0.021624782393014547,0.021624782393014547,0.021624782393014547,0.020482973082099124,0.021624782393014547,0.021624782393014547,0.021624782393014547,0.021624782393014547,0.021624782393014547,0.021624782393014547,0.021624782393014547,0.021624782393014547,0.020482973082099124,0.021624782393014547,0.021624782393014547,0.021624782393014547
54,-0.03915602523463968,-0.03915602523463968,-0.03915602523463968,-0.03915602523463968,-0.03915602523463968,-0.03915602523463968,-0.03915602523463968,-0.03915602523463968,-0.03915602523463968,-0.03915602523463968,-0.03915602523463968,-0.03915602523463968,-0.03915602523463968,-0.03915602523463968,-0.03915602523463968,-0.03915602523463968,-0.03915602523463968,-0.03915602523463968,-0.03915602523463968,-0.037732992025531265,-0.03915602523463968,-0.03915602523463968,-0.03915602523463968,-0.03915602523463968,-0.03915602523463968,-0.03915602523463968,-0.03915602523463968,-0.03915602523463968,-0.037732992025531265,-0.03915602523463968,-0.03915602523463968,-0.03915602523463968
55,0.02647156910811298,0.02647156910811298,0.02647156910811298,0.02647156910811298,0.02647156910811298,0.02647156910811298,0.02647156910811298,0.02647156910811298,0.02647156910811298,0.02647156910811298,0.02647156910811298,0.02647156910811298,0.02647156910811298,0.02647156910811298,0.02647156910811298,0.02647156910811298,0.02647156910811298,0.02647156910811298,0.02647156910811298,0.02730498208826318,0.02647156910811298,0.02647156910811298,0.02647156910811298,0.02647156910811298,0.02647156910811298,0.02647156910811298,0.02647156910811298,0.02647156910811298,0.02730498208826318,0.02647156910811298,0.02647156910811298,0.02647156910811298
56,0.09876774225613866,0.09876774225613866,0.09876774225613866,0.09876774225613866,0.09876774225613866,0.09876774225613866,0.09876774225613866,0.09876774225613866,0.09876774225613866,0.09876774225613866,0.09876774225613866,0.09876774225613866,0.09876774225613866,0.09876774225613866,0.09876774225613866,0.09876774225613866,0.09876774225613866,0.09876774225613866,0.09876774225613866,0.09919888718093033,0.09876774225613866,0.09876774225613866,0.09876774225613866,0.09876774225613866,0.09876774225613866,0.09876774225613866,0.09876774225613866,0.09876774225613866,0.09919888718093033,0.09876774225613866,0.09876774225613866,0.09876774225613866
57,0.04575082878071533,0.04575082878071533,0.04575082878071533,0.04575082878071533,0.04575082878071533,0.04575082878071533,0.04575082878071533,0.04575082878071533,0.04575082878071533,0.04575082878071533,0.04575082878071533,0.04575082878071533,0.04575082878071533,0.04575082878071533,0.04575082878071533,0.04575082878071533,0.04575082878071533,0.04575082878071533,0.04575082878071533,0.04628717887010927,0.04575082878071533,0.04575082878071533,0.04575082878071533,0.04575082878071533,0.04575082878071533,0.04575082878071533,0.04575082878071533,0.04575082878071533,0.04628717887010927,0.04575082878071533,0.04575082878071533,0.04575082878071533
58,-0.2966489240317727,-0.2966489240317727,-0.2966489240317727,-0.2966489240317727,-0.2966489240317727,-0.2966489240317727,-0.2966489240317727,-0.2966489240317727,-0.2966489240317727,-0.2966489240317727,-0.2966489240317727,-0.2966489240317727,-0.2966489240317727,-0.2966489240317727,-0.2966489240317727,-0.2966489240317727,-0.2966489240317727,-0.2966489240317727,-0.2966489240317727,-0.29469398198144064,-0.2966489240317727,-0.2966489240317727,-0.2966489240317727,-0.2966489240317727,-0.2966489240317727,-0.2966489240317727,-0.2966489240317727,-0.2966489240317727,-0.29469398198144064,-0.2966489240317727,-0.2966489240317727,-0.2966489240317727
59,0.05025297780384979,0.05025297780384979,0.05025297780384979,0.05025297780384979,0.05025297780384979,0.05025297780384979,0.05025297780384979,0.05025297780384979,0.05025297780384979,0.05025297780384979,0.05025297780384979,0.05025297780384979,0.05025297780384979,0.05025297780384979,0.05025297780384979,0.05025297780384979,0.05025297780384979,0.05025297780384979,0.05025297780384979,0.05178109059349423,0.05025297780384979,0.05025297780384979,0.05025297780384979,0.05025297780384979,0.05025297780384979,0.05025297780384979,0.05025297780384979,0.05025297780384979,0.05178109059349423,0.05025297780384979,0.05025297780384979,0.05025297780384979
60,0.15626130324706028,0.15626130324706028,0.15626130324706028,0.15626130324706028,0.15626130324706028,0.15626130324706028,0.15626130324706028,0.15626130324706028,0.15626130324706028,0.15626130324706028,0.15626130324706028,0.15626130324706028,0.15626130324706028,0.15626130324706028,0.15626130324706028,0.15626130324706028,0.15626130324706028,0.15626130324706028,0.15626130324706028,0.1550764966017147,0.15626130324706028,0.15626130324706028,0.15626130324706028,0.15626130324706028,0.15626130324706028,0.15626130324706028,0.15626130324706028,0.15626130324706028,0.1550764966017147,0.15626130324706028,0.15626130324706028,0.15626130324706028
61,0.09292879644666308,0.09292879644666308,0.09292879644666308,0.09292879644666308,0.09292879644666308,0.09292879644666308,0.09292879644666308,0.09292879644666308,0.09292879644666308,0.09292879644666308,0.09292879644666308,0.09292879644666308,0.09292879644666308,0.09292879644666308,0.09292879644666308,0.09292879644666308,0.09292879644666308,0.09292879644666308,0.09292879644666308,0.09195241710088362,0.09292879644666308,0.09292879644666308,0.09292879644666308,0.09292879644666308,0.09292879644666308,0.09292879644666308,0.09292879644666308,0.09292879644666308,0.09195241710088362,0.09292879644666308,0.09292879644666308,0.09292879644666308
62,-1.3389908691315424,-1.3389908691315424,-1.3389908691315424,-1.3389908691315424,-1.3389908691315424,-1.3389908691315424,-1.3389908691315424,-1.3389908691315424,-1.3389908691315424,-1.3389908691315424,-1.3389908691315424,-1.3389908691315424,-1.3389908691315424,-1.3389908691315424,-1.3389908691315424,-1.3389908691315424,-1.3389908691315424,-1.3389908691315424,-1.3389908691315424,-1.3410960432476553,-1.3389908691315424,-1.3389908691315424,-1.3389908691315424,-1.3389908691315424,-1.3389908691315424,-1.3389908691315424,-1.3389908691315424,-1.3389908691315424,-1.3410960432476553,-1.3389908691315424,-1.3389908691315424,-1.3389908691315424
63,0.08965306832241349,0.08965306832241349,0.08965306832241349,0.08965306832241349,0.08965306832241349,0.08965306832241349,0.08965306832241349,0.08965306832241349,0.08965306832241349,0.08965306832241349,0.08965306832241349,0.08965306832241349,0.08965306832241349,0.08965306832241349,0.08965306832241349,0.08965306832241349,0.08965306832241349,0.08965306832241349,0.08965306832241349,0.08886858762920205,0.08965306832241349,0.08965306832241349,0.08965306832241349,0.08965306832241349,0.08965306832241349,0.08965306832241349,0.08965306832241349,0.08965306832241349,0.08886858762920205,0.08965306832241349,0.08965306832241349,0.08965306832241349
64,0.12039181727471274,0.12039181727471274,0.12039181727471274,0.12039181727471274,0.12039181727471274,0.12039181727471274,0.12039181727471274,0.12039181727471274,0.12039181727471274,0.12039181727471274,0.12039181727471274,0.12039181727471274,0.12039181727471274,0.12039181727471274,0.12039181727471274,0.12039181727471274,0.12039181727471274,0.12039181727471274,0.12039181727471274,0.12108945809061931,0.12039181727471274,0.12039181727471274,0.12039181727471274,0.12039181727471274,0.12039181727471274,0.12039181727471274,0.12039181727471274,0.12039181727471274,0.12108945809061931,0.12039181727471274,0.12039181727471274,0.12039181727471274
65,-0.26274872947314926,-0.26274872947314926,-0.26274872947314926,-0.26274872947314926,-0.26274872947314926,-0.26274872947314926,-0.26274872947314926,-0.26274872947314926,-0.26274872947314926,-0.26274872947314926,-0.26274872947314926,-0.26274872947314926,-0.26274872947314926,-0.26274872947314926,-0.26274872947314926,-0.26274872947314926,-0.26274872947314926,-0.26274872947314926,-0.26274872947314926,-0.2620745431181098,-0.26274872947314926,-0.26274872947314926,-0.26274872947314926,-0.26274872947314926,-0.26274872947314926,-0.26274872947314926,-0.26274872947314926,-0.26274872947314926,-0.2620745431181098,-0.26274872947314926,-0.26274872947314926,-0.26274872947314926
66,0.027824960961577792,0.027824960961577792,0.027824960961577792,0.027824960961577792,0.027824960961577792,0.027824960961577792,0.027824960961577792,0.027824960961577792,0.027824960961577792,0.027824960961577792,0.027824960961577792,0.027824960961577792,0.027824960961577792,0.027824960961577792,0.027824960961577792,0.027824960961577792,0.027824960961577792,0.027824960961577792,0.027824960961577792,0.028957116022605478,0.027824960961577792,0.027824960961577792,0.027824960961577792,0.027824960961577792,0.027824960961577792,0.027824960961577792,0.027824960961577792,0.027824960961577792,0.028957116022605478,0.027824960961577792,0.027824960961577792,0.027824960961577792
67,0.21341063416196723,0.21341063416196723,0.21341063416196723,0.21341063416196723,0.21341063416196723,0.21341063416196723,0.21341063416196723,0.21341063416196723,0.21341063416196723,0.21341063416196723,0.21341063416196723,0.21341063416196723,0.21341063416196723,0.21341063416196723,0.21341063416196723,0.21341063416196723,0.21341063416196723,0.21341063416196723,0.21341063416196723,0.21259552031888146,0.21341063416196723,0.21341063416196723,0.21341063416196723,0.21341063416196723,0.21341063416196723,0.21341063416196723,0.21341063416196723,0.21341063416196723,0.21259552031888146,0.21341063416196723,0.21341063416196723,0.21341063416196723
68,0.8988199045812647,0.8988199045812647,0.8988199045812647,0.8988199045812647,0.8988199045812647,0.8988199045812647,0.8988199045812647,0.8988199045812647,0.8988199045812647,0.8988199045812647,0.8988199045812647,0.8988199045812647,0.8988199045812647,0.8988199045812647,0.8988199045812647,0.8988199045812647,0.8988199045812647,0.8988199045812647,0.8988199045812647,0.8980844880552357,0.8988199045812647,0.8988199045812647,0.8988199045812647,0.8988199045812647,0.8988199045812647,0.8988199045812647,0.8988199045812647,0.8988199045812647,0.8980844880552357,0.8988199045812647,0.8988199045812647,0.8988199045812647
69,-0.007588208758346369,-0.007588208758346369,-0.007588208758346369,-0.007588208758346369,-0.007588208758346369,-0.007588208758346369,-0.007588208758346369,-0.007588208758346369,-0.007588208758346369,-0.007588208758346369,-0.007588208758346369,-0.007588208758346369,-0.007588208758346369,-0.007588208758346369,-0.007588208758346369,-0.007588208758346369,-0.007588208758346369,-0.007588208758346369,-0.007588208758346369,-0.008843190898055702,-0.007588208758346369,-0.007588208758346369,-0.007588208758346369,-0.007588208758346369,-0.007588208758346369,-0.007588208758346369,-0.007588208758346369,-0.007588208758346369,-0.008843190898055702,-0.007588208758346369,-0.007588208758346369,-0.007588208758346369
70,-0.018776325749532693,-0.018776325749532693,-0.018776325749532693,-0.018776325749532693,-0.018776325749532693,-0.018776325749532693,-0.018776325749532693,-0.018776325749532693,-0.018776325749532693,-0.018776325749532693,-0.018776325749532693,-0.018776325749532693,-0.018776325749532693,-0.018776325749532693,-0.018776325749532693,-0.018776325749532693,-0.018776325749532693,-0.018776325749532693,-0.018776325749532693,-0.017550524274905013,-0.018776325749532693,-0.018776325749532693,-0.018776325749532693,-0.018776325749532693,-0.018776325749532693,-0.018776325749532693,-0.018776325749532693,-0.018776325749532693,-0.017550524274905013,-0.018776325749532693,-0.018776325749532693,-0.018776325749532693
71,0.23048502646473837,0.23048502646473837,0.23048502646473837,0.23048502646473837,0.23048502646473837,0.23048502646473837,0.23048502646473837,0.23048502646473837,0.23048502646473837,0.23048502646473837,0.23048502646473837,0.23048502646473837,0.23048502646473837,0.23048502646473837,0.23048502646473837,0.23048502646473837,0.23048502646473837,0.23048502646473837,0.23048502646473837,0.22960947115073263,0.23048502646473837,0.23048502646473837,0.23048502646473837,0.23048502646473837,0.23048502646473837,0.23048502646473837,0.23048502646473837,0.23048502646473837,0.22960947115073263,0.23048502646473837,0.23048502646473837,0.23048502646473837
72,-0.22003948012016236,-0.22003948012016236,-0.22003948012016236,-0.22003948012016236,-0.22003948012016236,-0.22003948012016236,-0.22003948012016236,-0.22003948012016236,-0.22003948012016236,-0.22003948012016236,-0.22003948012016236,-0.22003948012016236,-0.22003948012016236,-0.22003948012016236,-0.22003948012016236,-0.22003948012016236,-0.22003948012016236,-0.22003948012016236,-0.22003948012016236,-0.21983463128582026,-0.22003948012016236,-0.22003948012016236,-0.22003948012016236,-0.22003948012016236,-0.22003948012016236,-0.22003948012016236,-0.22003948012016236,-0.22003948012016236,-0.21983463128582026,-0.22003948012016236,-0.22003948012016236,-0.22003948012016236
73,0.2141666625494553,0.2141666625494553,0.2141666625494553,0.2141666625494553,0.2141666625494553,0.2141666625494553,0.2141666625494553,0.2141666625494553,0.2141666625494553,0.2141666625494553,0.2141666625494553,0.2141666625494553,0.2141666625494553,0.2141666625494553,0.2141666625494553,0.2141666625494553,0.2141666625494553,0.2141666625494553,0.2141666625494553,0.21306163624291122,0.2141666625494553,0.2141666625494553,0.2141666625494553,0.2141666625494553,0.2141666625494553,0.2141666625494553,0.2141666625494553,0.2141666625494553,0.21306163624291122,0.2141666625494553,0.2141666625494553,0.2141666625494553
74,0.4009838593513042,0.4009838593513042,0.4009838593513042,0.4009838593513042,0.4009838593513042,0.4009838593513042,0.4009838593513042,0.4009838593513042,0.4009838593513042,0.4009838593513042,0.4009838593513042,0.4009838593513042,0.4009838593513042,0.4009838593513042,0.4009838593513042,0.4009838593513042,0.4009838593513042,0.4009838593513042,0.4009838593513042,0.3975724390699422,0.4009838593513042,0.4009838593513042,0.4009838593513042,0.4009838593513042,0.4009838593513042,0.4009838593513042,0.4009838593513042,0.4009838593513042,0.3975724390699422,0.4009838593513042,0.4009838593513042,0.4009838593513042
75,-0.1272248802990413,-0.1272248802990413,-0.1272248802990413,-0.1272248802990413,-0.1272248802990413,-0.1272248802990413,-0.1272248802990413,-0.1272248802990413,-0.1272248802990413,-0.1272248802990413,-0.1272248802990413,-0.1272248802990413,-0.1272248802990413,-0.1272248802990413,-0.1272248802990413,-0.1272248802990413,-0.1272248802990413,-0.1272248802990413,-0.1272248802990413,-0.12740113452737326,-0.1272248802990413,-0.1272248802990413,-0.1272248802990413,-0.1272248802990413,-0.1272248802990413,-0.1272248802990413,-0.1272248802990413,-0.1272248802990413,-0.12740113452737326,-0.1272248802990413,-0.1272248802990413,-0.1272248802990413
76,-0.07217320757638439,-0.07217320757638439,-0.07217320757638439,-0.07217320757638439,-0.07217320757638439,-0.07217320757638439,-0.07217320757638439,-0.07217320757638439,-0.07217320757638439,-0.07217320757638439,-0.07217320757638439,-0.07217320757638439,-0.07217320757638439,-0.07217320757638439,-0.07217320757638439,-0.07217320757638439,-0.07217320757638439,-0.07217320757638439,-0.07217320757638439,-0.07207889898925429,-0.07217320757638439,-0.07217320757638439,-0.07217320757638439,-0.07217320757638439,-0.07217320757638439,-0.07217320757638439,-0.07217320757638439,-0.07217320757638439,-0.07207889898925429,-0.07217320757638439,-0.07217320757638439,-0.07217320757638439
77,0.06598946612970574,0.06598946612970574,0.06598946612970574,0.06598946612970574,0.06598946612970574,0.06598946612970574,0.06598946612970574,0.06598946612970574,0.06598946612970574,0.06598946612970574,0.06598946612970574,0.06598946612970574,0.06598946612970574,0.06598946612970574,0.06598946612970574,0.06598946612970574,0.06598946612970574,0.06598946612970574,0.06598946612970574,0.06612803755922425,0.06598946612970574,0.06598946612970574,0.06598946612970574,0.06598946612970574,0.06598946612970574,0.06598946612970574,0.06598946612970574,0.06598946612970574,0.06612803755922425,0.06598946612970574,0.06598946612970574,0.06598946612970574
78,0.10108913604116007,0.10108913604116007,0.10108913604116007,0.10108913604116007,0.10108913604116007,0.10108913604116007,0.10108913604116007,0.10108913604116007,0.10108913604116007,0.10108913604116007,0.10108913604116007,0.10108913604116007,0.10108913604116007,0.10108913604116007,0.10108913604116007,0.10108913604116007,0.10108913604116007,0.10108913604116007,0.10108913604116007,0.09915932513920855,0.10108913604116007,0.10108913604116007,0.10108913604116007,0.10108913604116007,0.10108913604116007,0.10108913604116007,0.10108913604116007,0.10108913604116007,0.09915932513920855,0.10108913604116007,0.10108913604116007,0.10108913604116007
79,0.08138710512394269,0.08138710512394269,0.08138710512394269,0.08138710512394269,0.08138710512394269,0.08138710512394269,0.08138710512394269,0.08138710512394269,0.08138710512394269,0.08138710512394269,0.08138710512394269,0.08138710512394269,0.08138710512394269,0.08138710512394269,0.08138710512394269,0.08138710512394269,0.08138710512394269,0.08138710512394269,0.08138710512394269,0.0843194544764281,0.08138710512394269,0.08138710512394269,0.08138710512394269,0.08138710512394269,0.08138710512394269,0.08138710512394269,0.08138710512394269,0.08138710512394269,0.0843194544764281,0.08138710512394269,0.08138710512394269,0.08138710512394269
80,0.0157750272321133,0.0157750272321133,0.0157750272321133,0.0157750272321133,0.0157750272321133,0.0157750272321133,0.0157750272321133,0.0157750272321133,0.0157750272321133,0.0157750272321133,0.0157750272321133,0.0157750272321133,0.0157750272321133,0.0157750272321133,0.0157750272321133,0.0157750272321133,0.0157750272321133,0.0157750272321133,0.0157750272321133,0.015301287468195895,0.0157750272321133,0.0157750272321133,0.0157750272321133,0.0157750272321133,0.0157750272321133,0.0157750272321133,0.0157750272321133,0.0157750272321133,0.015301287468195895,0.0157750272321133,0.0157750272321133,0.0157750272321133
81,0.5202656925831565,0.5202656925831565,0.5202656925831565,0.5202656925831565,0.5202656925831565,0.5202656925831565,0.5202656925831565,0.5202656925831565,0.5202656925831565,0.5202656925831565,0.5202656925831565,0.5202656925831565,0.5202656925831565,0.5202656925831565,0.5202656925831565,0.5202656925831565,0.5202656925831565,0.5202656925831565,0.5202656925831565,0.5197649528553131,0.5202656925831565,0.5202656925831565,0.5202656925831565,0.5202656925831565,0.5202656925831565,0.5202656925831565,0.5202656925831565,0.5202656925831565,0.5197649528553131,0.5202656925831565,0.5202656925831565,0.5202656925831565
82,0.18147047717826836,0.18147047717826836,0.18147047717826836,0.18147047717826836,0.18147047717826836,0.18147047717826836,0.18147047717826836,0.18147047717826836,0.18147047717826836,0.18147047717826836,0.18147047717826836,0.18147047717826836,0.18147047717826836,0.18147047717826836,0.18147047717826836,0.18147047717826836,0.18147047717826836,0.18147047717826836,0.18147047717826836,0.17838209225233548,0.18147047717826836,0.18147047717826836,0.18147047717826836,0.18147047717826836,0.18147047717826836,0.18147047717826836,0.18147047717826836,0.18147047717826836,0.17838209225233548,0.18147047717826836,0.18147047717826836,0.18147047717826836
83,-0.0009950163336042684,-0.0009950163336042684,-0.0009950163336042684,-0.0009950163336042684,-0.0009950163336042684,-0.0009950163336042684,-0.0009950163336042684,-0.0009950163336042684,-0.0009950163336042684,-0.0009950163336042684,-0.0009950163336042684,-0.0009950163336042684,-0.0009950163336042684,-0.0009950163336042684,-0.0009950163336042684,-0.0009950163336042684,-0.0009950163336042684,-0.0009950163336042684,-0.0009950163336042684,-0.006112131690643823,-0.0009950163336042684,-0.0009950163336042684,-0.0009950163336042684,-0.0009950163336042684,-0.0009950163336042684,-0.0009950163336042684,-0.0009950163336042684,-0.0009950163336042684,-0.006112131690643823,-0.0009950163336042684,-0.0009950163336042684,-0.0009950163336042684
84,0.1186514571377856,0.1186514571377856,0.1186514571377856,0.1186514571377856,0.1186514571377856,0.1186514571377856,0.1186514571377856,0.1186514571377856,0.1186514571377856,0.1186514571377856,0.1186514571377856,0.1186514571377856,0.1186514571377856,0.1186514571377856,0.1186514571377856,0.1186514571377856,0.1186514571377856,0.1186514571377856,0.1186514571377856,0.11916649588651598,0.1186514571377856,0.1186514571377856,0.1186514571377856,0.1186514571377856,0.1186514571377856,0.1186514571377856,0.1186514571377856,0.1186514571377856,0.11916649588651598,0.1186514571377856,0.1186514571377856,0.1186514571377856
85,0.17704131798520387,0.17704131798520387,0.17704131798520387,0.17704131798520387,0.17704131798520387,0.17704131798520387,0.17704131798520387,0.17704131798520387,0.17704131798520387,0.17704131798520387,0.17704131798520387,0.17704131798520387,0.17704131798520387,0.17704131798520387,0.17704131798520387,0.17704131798520387,0.17704131798520387,0.17704131798520387,0.17704131798520387,0.17323455272762073,0.17704131798520387,0.17704131798520387,0.17704131798520387,0.17704131798520387,0.17704131798520387,0.17704131798520387,0.17704131798520387,0.17704131798520387,0.17323455272762073,0.17704131798520387,0.17704131798520387,0.17704131798520387
86,0.003697720601025501,0.003697720601025501,0.003697720601025501,0.003697720601025501,0.003697720601025501,0.003697720601025501,0.003697720601025501,0.003697720601025501,0.003697720601025501,0.003697720601025501,0.003697720601025501,0.003697720601025501,0.003697720601025501,0.003697720601025501,0.003697720601025501,0.003697720601025501,0.003697720601025501,0.003697720601025501,0.003697720601025501,0.0023268801151296566,0.003697720601025501,0.003697720601025501,0.003697720601025501,0.003697720601025501,0.003697720601025501,0.003697720601025501,0.003697720601025501,0.003697720601025501,0.0023268801151296566,0.003697720601025501,0.003697720601025501,0.003697720601025501
87,0.2581332619412364,0.2581332619412364,0.2581332619412364,0.2581332619412364,0.2581332619412364,0.2581332619412364,0.2581332619412364,0.2581332619412364,0.2581332619412364,0.2581332619412364,0.2581332619412364,0.2581332619412364,0.2581332619412364,0.2581332619412364,0.2581332619412364,0.2581332619412364,0.2581332619412364,0.2581332619412364,0.2581332619412364,0.2575411154576963,0.2581332619412364,0.2581332619412364,0.2581332619412364,0.2581332619412364,0.2581332619412364,0.2581332619412364,0.2581332619412364,0.2581332619412364,0.2575411154576963,0.2581332619412364,0.2581332619412364,0.2581332619412364
88,0.23108454125837102,0.23108454125837102,0.23108454125837102,0.23108454125837102,0.23108454125837102,0.23108454125837102,0.23108454125837102,0.23108454125837102,0.23108454125837102,0.23108454125837102,0.23108454125837102,0.23108454125837102,0.23108454125837102,0.23108454125837102,0.23108454125837102,0.23108454125837102,0.23108454125837102,0.23108454125837102,0.23108454125837102,0.23148279278424805,0.23108454125837102,0.23108454125837102,0.23108454125837102,0.23108454125837102,0.23108454125837102,0.23108454125837102,0.23108454125837102,0.23108454125837102,0.23148279278424805,0.23108454125837102,0.23108454125837102,0.23108454125837102
89,-0.10077989976493784,-0.10077989976493784,-0.10077989976493784,-0.10077989976493784,-0.10077989976493784,-0.10077989976493784,-0.10077989976493784,-0.10077989976493784,-0.10077989976493784,-0.10077989976493784,-0.10077989976493784,-0.10077989976493784,-0.10077989976493784,-0.10077989976493784,-0.10077989976493784,-0.10077989976493784,-0.10077989976493784,-0.10077989976493784,-0.10077989976493784,-0.10086657065632375,-0.10077989976493784,-0.10077989976493784,-0.10077989976493784,-0.10077989976493784,-0.10077989976493784,-0.10077989976493784,-0.10077989976493784,-0.10077989976493784,-0.10086657065632375,-0.10077989976493784,-0.10077989976493784,-0.10077989976493784
90,0.054921693811708826,0.054921693811708826,0.054921693811708826,0.054921693811708826,0.054921693811708826,0.054921693811708826,0.054921693811708826,0.054921693811708826,0.054921693811708826,0.054921693811708826,0.054921693811708826,0.054921693811708826,0.054921693811708826,0.054921693811708826,0.054921693811708826,0.054921693811708826,0.054921693811708826,0.054921693811708826,0.054921693811708826,0.05531763215674476,0.054921693811708826,0.054921693811708826,0.054921693811708826,0.054921693811708826,0.054921693811708826,0.054921693811708826,0.054921693811708826,0.054921693811708826,0.05531763215674476,0.054921693811708826,0.054921693811708826,0.054921693811708826
91,-0.3732313757193161,-0.3732313757193161,-0.3732313757193161,-0.3732313757193161,-0.3732313757193161,-0.3732313757193161,-0.3732313757193161,-0.3732313757193161,-0.3732313757193161,-0.3732313757193161,-0.3732313757193161,-0.3732313757193161,-0.3732313757193161,-0.3732313757193161,-0.3732313757193161,-0.3732313757193161,-0.3732313757193161,-0.3732313757193161,-0.3732313757193161,-0.6193238202110534,-0.3732313757193161,-0.3732313757193161,-0.3732313757193161,-0.3732313757193161,-0.3732313757193161,-0.3732313757193161,-0.3732313757193161,-0.3732313757193161,-0.6193238202110534,-0.3732313757193161,-0.3732313757193161,-0.3732313757193161
92,0.27541094892299217,0.27541094892299217,0.27541094892299217,0.27541094892299217,0.27541094892299217,0.27541094892299217,0.27541094892299217,0.27541094892299217,0.27541094892299217,0.27541094892299217,0.27541094892299217,0.27541094892299217,0.27541094892299217,0.27541094892299217,0.27541094892299217,0.27541094892299217,0.27541094892299217,0.27541094892299217,0.27541094892299217,0.27566554692651873,0.27541094892299217,0.27541094892299217,0.27541094892299217,0.27541094892299217,0.27541094892299217,0.27541094892299217,0.27541094892299217,0.27541094892299217,0.27566554692651873,0.27541094892299217,0.27541094892299217,0.27541094892299217
93,-0.3732951983013872,-0.3732951983013872,-0.3732951983013872,-0.3732951983013872,-0.3732951983013872,-0.3732951983013872,-0.3732951983013872,-0.3732951983013872,-0.3732951983013872,-0.3732951983013872,-0.3732951983013872,-0.3732951983013872,-0.3732951983013872,-0.3732951983013872,-0.3732951983013872,-0.3732951983013872,-0.3732951983013872,-0.3732951983013872,-0.3732951983013872,-0.34383392239579774,-0.3732951983013872,-0.3732951983013872,-0.3732951983013872,-0.3732951983013872,-0.3732951983013872,-0.3732951983013872,-0.3732951983013872,-0.3732951983013872,-0.34383392239579774,-0.3732951983013872,-0.3732951983013872,-0.3732951983013872
94,0.7988841768761334,0.7988841768761334,0.7988841768761334,0.7988841768761334,0.7988841768761334,0.7988841768761334,0.7988841768761334,0.7988841768761334,0.7988841768761334,0.7988841768761334,0.7988841768761334,0.7988841768761334,0.7988841768761334,0.7988841768761334,0.7988841768761334,0.7988841768761334,0.7988841768761334,0.7988841768761334,0.7988841768761334,0.8003570280222615,0.7988841768761334,0.7988841768761334,0.7988841768761334,0.7988841768761334,0.7988841768761334,0.7988841768761334,0.7988841768761334,0.7988841768761334,0.8003570280222615,0.7988841768761334,0.7988841768761334,0.7988841768761334
95,-0.3058184247196984,-0.3058184247196984,-0.3058184247196984,-0.3058184247196984,-0.3058184247196984,-0.3058184247196984,-0.3058184247196984,-0.3058184247196984,-0.3058184247196984,-0.3058184247196984,-0.3058184247196984,-0.3058184247196984,-0.3058184247196984,-0.3058184247196984,-0.3058184247196984,-0.3058184247196984,-0.3058184247196984,-0.3058184247196984,-0.3058184247196984,-0.30429381699388897,-0.3058184247196984,-0.3058184247196984,-0.3058184247196984,-0.3058184247196984,-0.3058184247196984,-0.3058184247196984,-0.3058184247196984,-0.3058184247196984,-0.30429381699388897,-0.3058184247196984,-0.3058184247196984,-0.3058184247196984
96,-0.07130365041380465,-0.07130365041380465,-0.07130365041380465,-0.07130365041380465,-0.07130365041380465,-0.07130365041380465,-0.07130365041380465,-0.07130365041380465,-0.07130365041380465,-0.07130365041380465,-0.07130365041380465,-0.07130365041380465,-0.07130365041380465,-0.07130365041380465,-0.07130365041380465,-0.07130365041380465,-0.07130365041380465,-0.07130365041380465,-0.07130365041380465,-0.06625783525891711,-0.07130365041380465,-0.07130365041380465,-0.07130365041380465,-0.07130365041380465,-0.07130365041380465,-0.07130365041380465,-0.07130365041380465,-0.07130365041380465,-0.06625783525891711,-0.07130365041380465,-0.07130365041380465,-0.07130365041380465
97,-0.6115070881369492,-0.6115070881369492,-0.6115070881369492,-0.6115070881369492,-0.6115070881369492,-0.6115070881369492,-0.6115070881369492,-0.6115070881369492,-0.6115070881369492,-0.6115070881369492,-0.6115070881369492,-0.6115070881369492,-0.6115070881369492,-0.6115070881369492,-0.6115070881369492,-0.6115070881369492,-0.6115070881369492,-0.6115070881369492,-0.6115070881369492,-0.6112234295807938,-0.6115070881369492,-0.6115070881369492,-0.6115070881369492,-0.6115070881369492,-0.6115070881369492,-0.6115070881369492,-0.6115070881369492,-0.6115070881369492,-0.6112234295807938,-0.6115070881369492,-0.6115070881369492,-0.6115070881369492
98,0.18651790819106998,0.18651790819106998,0.18651790819106998,0.18651790819106998,0.18651790819106998,0.18651790819106998,0.18651790819106998,0.18651790819106998,0.18651790819106998,0.18651790819106998,0.18651790819106998,0.18651790819106998,0.18651790819106998,0.18651790819106998,0.18651790819106998,0.18651790819106998,0.18651790819106998,0.18651790819106998,0.18651790819106998,0.1784523804366353,0.18651790819106998,0.18651790819106998,0.18651790819106998,0.18651790819106998,0.18651790819106998,0.18651790819106998,0.18651790819106998,0.18651790819106998,0.1784523804366353,0.18651790819106998,0.18651790819106998,0.18651790819106998
99,0.028315873841600503,0.028315873841600503,0.028315873841600503,0.028315873841600503,0.028315873841600503,0.028315873841600503,0.028315873841600503,0.028315873841600503,0.028315873841600503,0.028315873841600503,0.028315873841600503,0.028315873841600503,0.028315873841600503,0.028315873841600503,0.028315873841600503,0.028315873841600503,0.028315873841600503,0.028315873841600503,0.028315873841600503,0.030714937611259204,0.028315873841600503,0.028315873841600503,0.028315873841600503,0.028315873841600503,0.028315873841600503,0.028315873841600503,0.028315873841600503,0.028315873841600503,0.030714937611259204,0.028315873841600503,0.028315873841600503,0.028315873841600503
100,0.22149687012942054,0.22149687012942054,0.22149687012942054,0.22149687012942054,0.22149687012942054,0.22149687012942054,0.22149687012942054,0.22149687012942054,0.22149687012942054,0.22149687012942054,0.22149687012942054,0.22149687012942054,0.22149687012942054,0.22149687012942054,0.22149687012942054,0.22149687012942054,0.22149687012942054,0.22149687012942054,0.22149687012942054,0.21739565647248768,0.22149687012942054,0.22149687012942054,0.22149687012942054,0.22149687012942054,0.22149687012942054,0.22149687012942054,0.22149687012942054,0.22149687012942054,0.21739565647248768,0.22149687012942054,0.22149687012942054,0.22149687012942054
101,0.18489723936954222,0.18489723936954222,0.18489723936954222,0.18489723936954222,0.18489723936954222,0.18489723936954222,0.18489723936954222,0.18489723936954222,0.18489723936954222,0.18489723936954222,0.18489723936954222,0.18489723936954222,0.18489723936954222,0.18489723936954222,0.18489723936954222,0.18489723936954222,0.18489723936954222,0.18489723936954222,0.18489723936954222,0.18252062600931668,0.18489723936954222,0.18489723936954222,0.18489723936954222,0.18489723936954222,0.18489723936954222,0.18489723936954222,0.18489723936954222,0.18489723936954222,0.18252062600931668,0.18489723936954222,0.18489723936954222,0.18489723936954222
102,0.09002325419080454,0.09002325419080454,0.09002325419080454,0.09002325419080454,0.09002325419080454,0.09002325419080454,0.09002325419080454,0.09002325419080454,0.09002325419080454,0.09002325419080454,0.09002325419080454,0.09002325419080454,0.09002325419080454,0.09002325419080454,0.09002325419080454,0.09002325419080454,0.09002325419080454,0.09002325419080454,0.09002325419080454,0.08975603344360622,0.09002325419080454,0.09002325419080454,0.09002325419080454,0.09002325419080454,0.09002325419080454,0.09002325419080454,0.09002325419080454,0.09002325419080454,0.08975603344360622,0.09002325419080454,0.09002325419080454,0.09002325419080454
103,-0.07416114990562782,-0.07416114990562782,-0.07416114990562782,-0.07416114990562782,-0.07416114990562782,-0.07416114990562782,-0.07416114990562782,-0.07416114990562782,-0.07416114990562782,-0.07416114990562782,-0.07416114990562782,-0.07416114990562782,-0.07416114990562782,-0.07416114990562782,-0.07416114990562782,-0.07416114990562782,-0.07416114990562782,-0.07416114990562782,-0.07416114990562782,-0.07246935917145306,-0.07416114990562782,-0.07416114990562782,-0.07416114990562782,-0.07416114990562782,-0.07416114990562782,-0.07416114990562782,-0.07416114990562782,-0.07416114990562782,-0.07246935917145306,-0.07416114990562782,-0.07416114990562782,-0.07416114990562782
104,0.07102486133706548,0.07102486133706548,0.07102486133706548,0.07102486133706548,0.07102486133706548,0.07102486133706548,0.07102486133706548,0.07102486133706548,0.07102486133706548,0.07102486133706548,0.07102486133706548,0.07102486133706548,0.07102486133706548,0.07102486133706548,0.07102486133706548,0.07102486133706548,0.07102486133706548,0.07102486133706548,0.07102486133706548,0.06081509217432196,0.07102486133706548,0.07102486133706548,0.07102486133706548,0.07102486133706548,0.07102486133706548,0.07102486133706548,0.07102486133706548,0.07102486133706548,0.06081509217432196,0.07102486133706548,0.07102486133706548,0.07102486133706548
105,0.004054346198459527,0.004054346198459527,0.004054346198459527,0.004054346198459527,0.004054346198459527,0.004054346198459527,0.004054346198459527,0.004054346198459527,0.004054346198459527,0.004054346198459527,0.004054346198459527,0.004054346198459527,0.004054346198459527,0.004054346198459527,0.004054346198459527,0.004054346198459527,0.004054346198459527,0.004054346198459527,0.004054346198459527,0.01051603789985982,0.004054346198459527,0.004054346198459527,0.004054346198459527,0.004054346198459527,0.004054346198459527,0.004054346198459527,0.004054346198459527,0.004054346198459527,0.01051603789985982,0.004054346198459527,0.004054346198459527,0.004054346198459527
106,-0.03450146645117853,-0.03450146645117853,-0.03450146645117853,-0.03450146645117853,-0.03450146645117853,-0.03450146645117853,-0.03450146645117853,-0.03450146645117853,-0.03450146645117853,-0.03450146645117853,-0.03450146645117853,-0.03450146645117853,-0.03450146645117853,-0.03450146645117853,-0.03450146645117853,-0.03450146645117853,-0.03450146645117853,-0.03450146645117853,-0.03450146645117853,-0.03338010369449236,-0.03450146645117853,-0.03450146645117853,-0.03450146645117853,-0.03450146645117853,-0.03450146645117853,-0.03450146645117853,-0.03450146645117853,-0.03450146645117853,-0.03338010369449236,-0.03450146645117853,-0.03450146645117853,-0.03450146645117853
107,-0.18790376148073754,-0.18790376148073754,-0.18790376148073754,-0.18790376148073754,-0.18790376148073754,-0.18790376148073754,-0.18790376148073754,-0.18790376148073754,-0.18790376148073754,-0.18790376148073754,-0.18790376148073754,-0.18790376148073754,-0.18790376148073754,-0.18790376148073754,-0.18790376148073754,-0.18790376148073754,-0.18790376148073754,-0.18790376148073754,-0.18790376148073754,-0.18540438783649538,-0.18790376148073754,-0.18790376148073754,-0.18790376148073754,-0.18790376148073754,-0.18790376148073754,-0.18790376148073754,-0.18790376148073754,-0.18790376148073754,-0.18540438783649538,-0.18790376148073754,-0.18790376148073754,-0.18790376148073754
108,-0.599571496654757,-0.599571496654757,-0.599571496654757,-0.599571496654757,-0.599571496654757,-0.599571496654757,-0.599571496654757,-0.599571496654757,-0.599571496654757,-0.599571496654757,-0.599571496654757,-0.599571496654757,-0.599571496654757,-0.599571496654757,-0.599571496654757,-0.599571496654757,-0.599571496654757,-0.599571496654757,-0.599571496654757,-0.5986725889784289,-0.599571496654757,-0.599571496654757,-0.599571496654757,-0.599571496654757,-0.599571496654757,-0.599571496654757,-0.599571496654757,-0.599571496654757,-0.5986725889784289,-0.599571496654757,-0.599571496654757,-0.599571496654757
109,-0.3949139072652968,-0.3949139072652968,-0.3949139072652968,-0.3949139072652968,-0.3949139072652968,-0.3949139072652968,-0.3949139072652968,-0.3949139072652968,-0.3949139072652968,-0.3949139072652968,-0.3949139072652968,-0.3949139072652968,-0.3949139072652968,-0.3949139072652968,-0.3949139072652968,-0.3949139072652968,-0.3949139072652968,-0.3949139072652968,-0.3949139072652968,-0.39401038368052477,-0.3949139072652968,-0.3949139072652968,-0.3949139072652968,-0.3949139072652968,-0.3949139072652968,-0.3949139072652968,-0.3949139072652968,-0.3949139072652968,-0.39401038368052477,-0.3949139072652968,-0.3949139072652968,-0.3949139072652968
110,0.02707819278956319,0.02707819278956319,0.02707819278956319,0.02707819278956319,0.02707819278956319,0.02707819278956319,0.02707819278956319,0.02707819278956319,0.02707819278956319,0.02707819278956319,0.02707819278956319,0.02707819278956319,0.02707819278956319,0.02707819278956319,0.02707819278956319,0.02707819278956319,0.02707819278956319,0.02707819278956319,0.02707819278956319,0.024012534811414136,0.02707819278956319,0.02707819278956319,0.02707819278956319,0.02707819278956319,0.02707819278956319,0.02707819278956319,0.02707819278956319,0.02707819278956319,0.024012534811414136,0.02707819278956319,0.02707819278956319,0.02707819278956319
111,0.04496353587883691,0.04496353587883691,0.04496353587883691,0.04496353587883691,0.04496353587883691,0.04496353587883691,0.04496353587883691,0.04496353587883691,0.04496353587883691,0.04496353587883691,0.04496353587883691,0.04496353587883691,0.04496353587883691,0.04496353587883691,0.04496353587883691,0.04496353587883691,0.04496353587883691,0.04496353587883691,0.04496353587883691,0.051892084501315314,0.04496353587883691,0.04496353587883691,0.04496353587883691,0.04496353587883691,0.04496353587883691,0.04496353587883691,0.04496353587883691,0.04496353587883691,0.051892084501315314,0.04496353587883691,0.04496353587883691,0.04496353587883691
112,1.2523478452235286,1.2523478452235286,1.2523478452235286,1.2523478452235286,1.2523478452235286,1.2523478452235286,1.2523478452235286,1.2523478452235286,1.2523478452235286,1.2523478452235286,1.2523478452235286,1.2523478452235286,1.2523478452235286,1.2523478452235286,1.2523478452235286,1.2523478452235286,1.2523478452235286,1.2523478452235286,1.2523478452235286,1.2658141835482533,1.2523478452235286,1.2523478452235286,1.2523478452235286,1.2523478452235286,1.2523478452235286,1.2523478452235286,1.2523478452235286,1.2523478452235286,1.2658141835482533,1.2523478452235286,1.2523478452235286,1.2523478452235286
113,0.0998082715894065,0.0998082715894065,0.0998082715894065,0.0998082715894065,0.0998082715894065,0.0998082715894065,0.0998082715894065,0.0998082715894065,0.0998082715894065,0.0998082715894065,0.0998082715894065,0.0998082715894065,0.0998082715894065,0.0998082715894065,0.0998082715894065,0.0998082715894065,0.0998082715894065,0.0998082715894065,0.0998082715894065,0.10160727571311876,0.0998082715894065,0.0998082715894065,0.0998082715894065,0.0998082715894065,0.0998082715894065,0.0998082715894065,0.0998082715894065,0.0998082715894065,0.10160727571311876,0.0998082715894065,0.0998082715894065,0.0998082715894065
114,-0.5030470881201369,-0.5030470881201369,-0.5030470881201369,-0.5030470881201369,-0.5030470881201369,-0.5030470881201369,-0.5030470881201369,-0.5030470881201369,-0.5030470881201369,-0.5030470881201369,-0.5030470881201369,-0.5030470881201369,-0.5030470881201369,-0.5030470881201369,-0.5030470881201369,-0.5030470881201369,-0.5030470881201369,-0.5030470881201369,-0.5030470881201369,-0.500478392859312,-0.5030470881201369,-0.5030470881201369,-0.5030470881201369,-0.5030470881201369,-0.5030470881201369,-0.5030470881201369,-0.5030470881201369,-0.5030470881201369,-0.500478392859312,-0.5030470881201369,-0.5030470881201369,-0.5030470881201369
115,-0.09655153299459635,-0.09655153299459635,-0.09655153299459635,-0.09655153299459635,-0.09655153299459635,-0.09655153299459635,-0.09655153299459635,-0.09655153299459635,-0.09655153299459635,-0.09655153299459635,-0.09655153299459635,-0.09655153299459635,-0.09655153299459635,-0.09655153299459635,-0.09655153299459635,-0.09655153299459635,-0.09655153299459635,-0.09655153299459635,-0.09655153299459635,-0.09430334860999959,-0.09655153299459635,-0.09655153299459635,-0.09655153299459635,-0.09655153299459635,-0.09655153299459635,-0.09655153299459635,-0.09655153299459635,-0.09655153299459635,-0.09430334860999959,-0.09655153299459635,-0.09655153299459635,-0.09655153299459635
116,0.09317250261732493,0.09317250261732493,0.09317250261732493,0.09317250261732493,0.09317250261732493,0.09317250261732493,0.09317250261732493,0.09317250261732493,0.09317250261732493,0.09317250261732493,0.09317250261732493,0.09317250261732493,0.09317250261732493,0.09317250261732493,0.09317250261732493,0.09317250261732493,0.09317250261732493,0.09317250261732493,0.09317250261732493,0.09392726501067476,0.09317250261732493,0.09317250261732493,0.09317250261732493,0.09317250261732493,0.09317250261732493,0.09317250261732493,0.09317250261732493,0.09317250261732493,0.09392726501067476,0.09317250261732493,0.09317250261732493,0.09317250261732493
117,0.3661795744644557,0.3661795744644557,0.3661795744644557,0.3661795744644557,0.3661795744644557,0.3661795744644557,0.3661795744644557,0.3661795744644557,0.3661795744644557,0.3661795744644557,0.3661795744644557,0.3661795744644557,0.3661795744644557,0.3661795744644557,0.3661795744644557,0.3661795744644557,0.3661795744644557,0.3661795744644557,0.3661795744644557,0.3601155230294571,0.3661795744644557,0.3661795744644557,0.3661795744644557,0.3661795744644557,0.3661795744644557,0.3661795744644557,0.3661795744644557,0.3661795744644557,0.3601155230294571,0.3661795744644557,0.3661795744644557,0.3661795744644557
118,-0.10414958575719288,-0.10414958575719288,-0.10414958575719288,-0.10414958575719288,-0.10414958575719288,-0.10414958575719288,-0.10414958575719288,-0.10414958575719288,-0.10414958575719288,-0.10414958575719288,-0.10414958575719288,-0.10414958575719288,-0.10414958575719288,-0.10414958575719288,-0.10414958575719288,-0.10414958575719288,-0.10414958575719288,-0.10414958575719288,-0.10414958575719288,-0.10955904678642651,-0.10414958575719288,-0.10414958575719288,-0.10414958575719288,-0.10414958575719288,-0.10414958575719288,-0.10414958575719288,-0.10414958575719288,-0.10414958575719288,-0.10955904678642651,-0.10414958575719288,-0.10414958575719288,-0.10414958575719288
119,-0.20475533800203286,-0.20475533800203286,-0.20475533800203286,-0.20475533800203286,-0.20475533800203286,-0.20475533800203286,-0.20475533800203286,-0.20475533800203286,-0.20475533800203286,-0.20475533800203286,-0.20475533800203286,-0.20475533800203286,-0.20475533800203286,-0.20475533800203286,-0.20475533800203286,-0.20475533800203286,-0.20475533800203286,-0.20475533800203286,-0.20475533800203286,0.2497840141266589,-0.20475533800203286,-0.20475533800203286,-0.20475533800203286,-0.20475533800203286,-0.20475533800203286,-0.20475533800203286,-0.20475533800203286,-0.20475533800203286,0.2497840141266589,-0.20475533800203286,-0.20475533800203286,-0.20475533800203286
120,0.061801984080786625,0.061801984080786625,0.061801984080786625,0.061801984080786625,0.061801984080786625,0.061801984080786625,0.061801984080786625,0.061801984080786625,0.061801984080786625,0.061801984080786625,0.061801984080786625,0.061801984080786625,0.061801984080786625,0.061801984080786625,0.061801984080786625,0.061801984080786625,0.061801984080786625,0.061801984080786625,0.061801984080786625,0.060984326211027964,0.061801984080786625,0.061801984080786625,0.061801984080786625,0.061801984080786625,0.061801984080786625,0.061801984080786625,0.061801984080786625,0.061801984080786625,0.060984326211027964,0.061801984080786625,0.061801984080786625,0.061801984080786625
121,0.019595771537747324,0.019595771537747324,0.019595771537747324,0.019595771537747324,0.019595771537747324,0.019595771537747324,0.019595771537747324,0.019595771537747324,0.019595771537747324,0.019595771537747324,0.019595771537747324,0.019595771537747324,0.019595771537747324,0.019595771537747324,0.019595771537747324,0.019595771537747324,0.019595771537747324,0.019595771537747324,0.019595771537747324,0.020720007988574044,0.019595771537747324,0.019595771537747324,0.019595771537747324,0.019595771537747324,0.019595771537747324,0.019595771537747324,0.019595771537747324,0.019595771537747324,0.020720007988574044,0.019595771537747324,0.019595771537747324,0.019595771537747324
122,0.013715875471512578,0.013715875471512578,0.013715875471512578,0.013715875471512578,0.013715875471512578,0.013715875471512578,0.013715875471512578,0.013715875471512578,0.013715875471512578,0.013715875471512578,0.013715875471512578,0.013715875471512578,0.013715875471512578,0.013715875471512578,0.013715875471512578,0.013715875471512578,0.013715875471512578,0.013715875471512578,0.013715875471512578,0.014432786334223208,0.013715875471512578,0.013715875471512578,0.013715875471512578,0.013715875471512578,0.013715875471512578,0.013715875471512578,0.013715875471512578,0.013715875471512578,0.014432786334223208,0.013715875471512578,0.013715875471512578,0.013715875471512578
123,-0.1155125505745436,-0.1155125505745436,-0.1155125505745436,-0.1155125505745436,-0.1155125505745436,-0.1155125505745436,-0.1155125505745436,-0.1155125505745436,-0.1155125505745436,-0.1155125505745436,-0.1155125505745436,-0.1155125505745436,-0.1155125505745436,-0.1155125505745436,-0.1155125505745436,-0.1155125505745436,-0.1155125505745436,-0.1155125505745436,-0.1155125505745436,-0.11578303207652316,-0.1155125505745436,-0.1155125505745436,-0.1155125505745436,-0.1155125505745436,-0.1155125505745436,-0.1155125505745436,-0.1155125505745436,-0.1155125505745436,-0.11578303207652316,-0.1155125505745436,-0.1155125505745436,-0.1155125505745436
124,0.6767365871412889,0.6767365871412889,0.6767365871412889,0.6767365871412889,0.6767365871412889,0.6767365871412889,0.6767365871412889,0.6767365871412889,0.6767365871412889,0.6767365871412889,0.6767365871412889,0.6767365871412889,0.6767365871412889,0.6767365871412889,0.6767365871412889,0.6767365871412889,0.6767365871412889,0.6767365871412889,0.6767365871412889,0.6748445171233491,0.6767365871412889,0.6767365871412889,0.6767365871412889,0.6767365871412889,0.6767365871412889,0.6767365871412889,0.6767365871412889,0.6767365871412889,0.6748445171233491,0.6767365871412889,0.6767365871412889,0.6767365871412889
125,-0.028051039050214208,-0.028051039050214208,-0.028051039050214208,-0.028051039050214208,-0.028051039050214208,-0.028051039050214208,-0.028051039050214208,-0.028051039050214208,-0.028051039050214208,-0.028051039050214208,-0.028051039050214208,-0.028051039050214208,-0.028051039050214208,-0.028051039050214208,-0.028051039050214208,-0.028051039050214208,-0.028051039050214208,-0.028051039050214208,-0.028051039050214208,-0.034222031970317264,-0.028051039050214208,-0.028051039050214208,-0.028051039050214208,-0.028051039050214208,-0.028051039050214208,-0.028051039050214208,-0.028051039050214208,-0.028051039050214208,-0.034222031970317264,-0.028051039050214208,-0.028051039050214208,-0.028051039050214208
126,-0.6156485753616447,-0.6156485753616447,-0.6156485753616447,-0.6156485753616447,-0.6156485753616447,-0.6156485753616447,-0.6156485753616447,-0.6156485753616447,-0.6156485753616447,-0.6156485753616447,-0.6156485753616447,-0.6156485753616447,-0.6156485753616447,-0.6156485753616447,-0.6156485753616447,-0.6156485753616447,-0.6156485753616447,-0.6156485753616447,-0.6156485753616447,-0.6104280202723587,-0.6156485753616447,-0.6156485753616447,-0.6156485753616447,-0.6156485753616447,-0.6156485753616447,-0.6156485753616447,-0.6156485753616447,-0.6156485753616447,-0.6104280202723587,-0.6156485753616447,-0.6156485753616447,-0.6156485753616447
127,-0.03576715991022092,-0.03576715991022092,-0.03576715991022092,-0.03576715991022092,-0.03576715991022092,-0.03576715991022092,-0.03576715991022092,-0.03576715991022092,-0.03576715991022092,-0.03576715991022092,-0.03576715991022092,-0.03576715991022092,-0.03576715991022092,-0.03576715991022092,-0.03576715991022092,-0.03576715991022092,-0.03576715991022092,-0.03576715991022092,-0.03576715991022092,-0.035578314229259334,-0.03576715991022092,-0.03576715991022092,-0.03576715991022092,-0.03576715991022092,-0.03576715991022092,-0.03576715991022092,-0.03576715991022092,-0.03576715991022092,-0.035578314229259334,-0.03576715991022092,-0.03576715991022092,-0.03576715991022092
128,-0.5870091191286463,-0.5870091191286463,-0.5870091191286463,-0.5870091191286463,-0.5870091191286463,-0.5870091191286463,-0.5870091191286463,-0.5870091191286463,-0.5870091191286463,-0.5870091191286463,-0.5870091191286463,-0.5870091191286463,-0.5870091191286463,-0.5870091191286463,-0.5870091191286463,-0.5870091191286463,-0.5870091191286463,-0.5870091191286463,-0.5870091191286463,-0.5807144566547652,-0.5870091191286463,-0.5870091191286463,-0.5870091191286463,-0.5870091191286463,-0.5870091191286463,-0.5870091191286463,-0.5870091191286463,-0.5870091191286463,-0.5807144566547652,-0.5870091191286463,-0.5870091191286463,-0.5870091191286463
129,0.014138874099262502,0.014138874099262502,0.014138874099262502,0.014138874099262502,0.014138874099262502,0.014138874099262502,0.014138874099262502,0.014138874099262502,0.014138874099262502,0.014138874099262502,0.014138874099262502,0.014138874099262502,0.014138874099262502,0.014138874099262502,0.014138874099262502,0.014138874099262502,0.014138874099262502,0.014138874099262502,0.014138874099262502,0.01427116002110262,0.014138874099262502,0.014138874099262502,0.014138874099262502,0.014138874099262502,0.014138874099262502,0.014138874099262502,0.014138874099262502,0.014138874099262502,0.01427116002110262,0.014138874099262502,0.014138874099262502,0.014138874099262502
130,-0.09659680135768105,-0.09659680135768105,-0.09659680135768105,-0.09659680135768105,-0.09659680135768105,-0.09659680135768105,-0.09659680135768105,-0.09659680135768105,-0.09659680135768105,-0.09659680135768105,-0.09659680135768105,-0.09659680135768105,-0.09659680135768105,-0.09659680135768105,-0.09659680135768105,-0.09659680135768105,-0.09659680135768105,-0.09659680135768105,-0.09659680135768105,-0.09801497505797258,-0.09659680135768105,-0.09659680135768105,-0.09659680135768105,-0.09659680135768105,-0.09659680135768105,-0.09659680135768105,-0.09659680135768105,-0.09659680135768105,-0.09801497505797258,-0.09659680135768105,-0.09659680135768105,-0.09659680135768105
131,0.09825270930472234,0.09825270930472234,0.09825270930472234,0.09825270930472234,0.09825270930472234,0.09825270930472234,0.09825270930472234,0.09825270930472234,0.09825270930472234,0.09825270930472234,0.09825270930472234,0.09825270930472234,0.09825270930472234,0.09825270930472234,0.09825270930472234,0.09825270930472234,0.09825270930472234,0.09825270930472234,0.09825270930472234,0.0965825527813212,0.09825270930472234,0.09825270930472234,0.09825270930472234,0.09825270930472234,0.09825270930472234,0.09825270930472234,0.09825270930472234,0.09825270930472234,0.0965825527813212,0.09825270930472234,0.09825270930472234,0.09825270930472234
132,0.6555488930038484,0.6555488930038484,0.6555488930038484,0.6555488930038484,0.6555488930038484,0.6555488930038484,0.6555488930038484,0.6555488930038484,0.6555488930038484,0.6555488930038484,0.6555488930038484,0.6555488930038484,0.6555488930038484,0.6555488930038484,0.6555488930038484,0.6555488930038484,0.6555488930038484,0.6555488930038484,0.6555488930038484,0.6558332325049921,0.6555488930038484,0.6555488930038484,0.6555488930038484,0.6555488930038484,0.6555488930038484,0.6555488930038484,0.6555488930038484,0.6555488930038484,0.6558332325049921,0.6555488930038484,0.6555488930038484,0.6555488930038484
133,0.07140748237252391,0.07140748237252391,0.07140748237252391,0.07140748237252391,0.07140748237252391,0.07140748237252391,0.07140748237252391,0.07140748237252391,0.07140748237252391,0.07140748237252391,0.07140748237252391,0.07140748237252391,0.07140748237252391,0.07140748237252391,0.07140748237252391,0.07140748237252391,0.07140748237252391,0.07140748237252391,0.07140748237252391,0.0721070999035211,0.07140748237252391,0.07140748237252391,0.07140748237252391,0.07140748237252391,0.07140748237252391,0.07140748237252391,0.07140748237252391,0.07140748237252391,0.0721070999035211,0.07140748237252391,0.07140748237252391,0.07140748237252391
134,0.42956205895810634,0.42956205895810634,0.42956205895810634,0.42956205895810634,0.42956205895810634,0.42956205895810634,0.42956205895810634,0.42956205895810634,0.42956205895810634,0.42956205895810634,0.42956205895810634,0.42956205895810634,0.42956205895810634,0.42956205895810634,0.42956205895810634,0.42956205895810634,0.42956205895810634,0.42956205895810634,0.42956205895810634,0.42740539748284323,0.42956205895810634,0.42956205895810634,0.42956205895810634,0.42956205895810634,0.42956205895810634,0.42956205895810634,0.42956205895810634,0.42956205895810634,0.42740539748284323,0.42956205895810634,0.42956205895810634,0.42956205895810634
135,0.09575414411467811,0.09575414411467811,0.09575414411467811,0.09575414411467811,0.09575414411467811,0.09575414411467811,0.09575414411467811,0.09575414411467811,0.09575414411467811,0.09575414411467811,0.09575414411467811,0.09575414411467811,0.09575414411467811,0.09575414411467811,0.09575414411467811,0.09575414411467811,0.09575414411467811,0.09575414411467811,0.09575414411467811,0.09590954503989402,0.09575414411467811,0.09575414411467811,0.09575414411467811,0.09575414411467811,0.09575414411467811,0.09575414411467811,0.09575414411467811,0.09575414411467811,0.09590954503989402,0.09575414411467811,0.09575414411467811,0.09575414411467811
136,-0.050434250454775086,-0.050434250454775086,-0.050434250454775086,-0.050434250454775086,-0.050434250454775086,-0.050434250454775086,-0.050434250454775086,-0.050434250454775086,-0.050434250454775086,-0.050434250454775086,-0.050434250454775086,-0.050434250454775086,-0.050434250454775086,-0.050434250454775086,-0.050434250454775086,-0.050434250454775086,-0.050434250454775086,-0.050434250454775086,-0.050434250454775086,-0.04871978119845984,-0.050434250454775086,-0.050434250454775086,-0.050434250454775086,-0.050434250454775086,-0.050434250454775086,-0.050434250454775086,-0.050434250454775086,-0.050434250454775086,-0.04871978119845984,-0.050434250454775086,-0.050434250454775086,-0.050434250454775086
137,-0.14935971769134165,-0.14935971769134165,-0.14935971769134165,-0.14935971769134165,-0.14935971769134165,-0.14935971769134165,-0.14935971769134165,-0.14935971769134165,-0.14935971769134165,-0.14935971769134165,-0.14935971769134165,-0.14935971769134165,-0.14935971769134165,-0.14935971769134165,-0.14935971769134165,-0.14935971769134165,-0.14935971769134165,-0.14935971769134165,-0.14935971769134165,-0.14699206634099993,-0.14935971769134165,-0.14935971769134165,-0.14935971769134165,-0.14935971769134165,-0.14935971769134165,-0.14935971769134165,-0.14935971769134165,-0.14935971769134165,-0.14699206634099993,-0.14935971769134165,-0.14935971769134165,-0.14935971769134165
138,0.12122042565420468,0.12122042565420468,0.12122042565420468,0.12122042565420468,0.12122042565420468,0.12122042565420468,0.12122042565420468,0.12122042565420468,0.12122042565420468,0.12122042565420468,0.12122042565420468,0.12122042565420468,0.12122042565420468,0.12122042565420468,0.12122042565420468,0.12122042565420468,0.12122042565420468,0.12122042565420468,0.12122042565420468,0.12056161813964913,0.12122042565420468,0.12122042565420468,0.12122042565420468,0.12122042565420468,0.12122042565420468,0.12122042565420468,0.12122042565420468,0.12122042565420468,0.12056161813964913,0.12122042565420468,0.12122042565420468,0.12122042565420468
139,-0.009795722393700433,-0.009795722393700433,-0.009795722393700433,-0.009795722393700433,-0.009795722393700433,-0.009795722393700433,-0.009795722393700433,-0.009795722393700433,-0.009795722393700433,-0.009795722393700433,-0.009795722393700433,-0.009795722393700433,-0.009795722393700433,-0.009795722393700433,-0.009795722393700433,-0.009795722393700433,-0.009795722393700433,-0.009795722393700433,-0.009795722393700433,-0.009321863500403085,-0.009795722393700433,-0.009795722393700433,-0.009795722393700433,-0.009795722393700433,-0.009795722393700433,-0.009795722393700433,-0.009795722393700433,-0.009795722393700433,-0.009321863500403085,-0.009795722393700433,-0.009795722393700433,-0.009795722393700433
140,0.11811945205309769,0.11811945205309769,0.11811945205309769,0.11811945205309769,0.11811945205309769,0.11811945205309769,0.11811945205309769,0.11811945205309769,0.11811945205309769,0.11811945205309769,0.11811945205309769,0.11811945205309769,0.11811945205309769,0.11811945205309769,0.11811945205309769,0.11811945205309769,0.11811945205309769,0.11811945205309769,0.11811945205309769,0.11843208502338813,0.11811945205309769,0.11811945205309769,0.11811945205309769,0.11811945205309769,0.11811945205309769,0.11811945205309769,0.11811945205309769,0.11811945205309769,0.11843208502338813,0.11811945205309769,0.11811945205309769,0.11811945205309769
141,-0.103420844628451,-0.103420844628451,-0.103420844628451,-0.103420844628451,-0.103420844628451,-0.103420844628451,-0.103420844628451,-0.103420844628451,-0.103420844628451,-0.103420844628451,-0.103420844628451,-0.103420844628451,-0.103420844628451,-0.103420844628451,-0.103420844628451,-0.103420844628451,-0.103420844628451,-0.103420844628451,-0.103420844628451,-0.10402167790781541,-0.103420844628451,-0.103420844628451,-0.103420844628451,-0.103420844628451,-0.103420844628451,-0.103420844628451,-0.103420844628451,-0.103420844628451,-0.10402167790781541,-0.103420844628451,-0.103420844628451,-0.103420844628451
142,0.29664308112395177,0.29664308112395177,0.29664308112395177,0.29664308112395177,0.29664308112395177,0.29664308112395177,0.29664308112395177,0.29664308112395177,0.29664308112395177,0.29664308112395177,0.29664308112395177,0.29664308112395177,0.29664308112395177,0.29664308112395177,0.29664308112395177,0.29664308112395177,0.29664308112395177,0.29664308112395177,0.29664308112395177,0.297534824353789,0.29664308112395177,0.29664308112395177,0.29664308112395177,0.29664308112395177,0.29664308112395177,0.29664308112395177,0.29664308112395177,0.29664308112395177,0.297534824353789,0.29664308112395177,0.29664308112395177,0.29664308112395177
143,-0.20418719433105573,-0.20418719433105573,-0.20418719433105573,-0.20418719433105573,-0.20418719433105573,-0.20418719433105573,-0.20418719433105573,-0.20418719433105573,-0.20418719433105573,-0.20418719433105573,-0.20418719433105573,-0.20418719433105573,-0.20418719433105573,-0.20418719433105573,-0.20418719433105573,-0.20418719433105573,-0.20418719433105573,-0.20418719433105573,-0.20418719433105573,-0.2029688753728277,-0.20418719433105573,-0.20418719433105573,-0.20418719433105573,-0.20418719433105573,-0.20418719433105573,-0.20418719433105573,-0.20418719433105573,-0.20418719433105573,-0.2029688753728277,-0.20418719433105573,-0.20418719433105573,-0.20418719433105573
144,-2.2723098826027637,-2.2723098826027637,-2.2723098826027637,-2.2723098826027637,-2.2723098826027637,-2.2723098826027637,-2.2723098826027637,-2.2723098826027637,-2.2723098826027637,-2.2723098826027637,-2.2723098826027637,-2.2723098826027637,-2.2723098826027637,-2.2723098826027637,-2.2723098826027637,-2.2723098826027637,-2.2723098826027637,-2.2723098826027637,-2.2723098826027637,-2.269443442328174,-2.2723098826027637,-2.2723098826027637,-2.2723098826027637,-2.2723098826027637,-2.2723098826027637,-2.2723098826027637,-2.2723098826027637,-2.2723098826027637,-2.269443442328174,-2.2723098826027637,-2.2723098826027637,-2.2723098826027637
145,-0.0727928981723109,-0.0727928981723109,-0.0727928981723109,-0.0727928981723109,-0.0727928981723109,-0.0727928981723109,-0.0727928981723109,-0.0727928981723109,-0.0727928981723109,-0.0727928981723109,-0.0727928981723109,-0.0727928981723109,-0.0727928981723109,-0.0727928981723109,-0.0727928981723109,-0.0727928981723109,-0.0727928981723109,-0.0727928981723109,-0.0727928981723109,-0.07267053227855853,-0.0727928981723109,-0.0727928981723109,-0.0727928981723109,-0.0727928981723109,-0.0727928981723109,-0.0727928981723109,-0.0727928981723109,-0.0727928981723109,-0.07267053227855853,-0.0727928981723109,-0.0727928981723109,-0.0727928981723109
146,-0.07020518276847401,-0.07020518276847401,-0.07020518276847401,-0.07020518276847401,-0.07020518276847401,-0.07020518276847401,-0.07020518276847401,-0.07020518276847401,-0.07020518276847401,-0.07020518276847401,-0.07020518276847401,-0.07020518276847401,-0.07020518276847401,-0.07020518276847401,-0.07020518276847401,-0.07020518276847401,-0.07020518276847401,-0.07020518276847401,-0.07020518276847401,-0.07037812404628553,-0.07020518276847401,-0.07020518276847401,-0.07020518276847401,-0.07020518276847401,-0.07020518276847401,-0.07020518276847401,-0.07020518276847401,-0.07020518276847401,-0.07037812404628553,-0.07020518276847401,-0.07020518276847401,-0.07020518276847401
147,-1.7311935660432194,-1.7311935660432194,-1.7311935660432194,-1.7311935660432194,-1.7311935660432194,-1.7311935660432194,-1.7311935660432194,-1.7311935660432194,-1.7311935660432194,-1.7311935660432194,-1.7311935660432194,-1.7311935660432194,-1.7311935660432194,-1.7311935660432194,-1.7311935660432194,-1.7311935660432194,-1.7311935660432194,-1.7311935660432194,-1.7311935660432194,-1.7210592866796588,-1.7311935660432194,-1.7311935660432194,-1.7311935660432194,-1.7311935660432194,-1.7311935660432194,-1.7311935660432194,-1.7311935660432194,-1.7311935660432194,-1.7210592866796588,-1.7311935660432194,-1.7311935660432194,-1.7311935660432194
148,-0.034685804249373745,-0.034685804249373745,-0.034685804249373745,-0.034685804249373745,-0.034685804249373745,-0.034685804249373745,-0.034685804249373745,-0.034685804249373745,-0.034685804249373745,-0.034685804249373745,-0.034685804249373745,-0.034685804249373745,-0.034685804249373745,-0.034685804249373745,-0.034685804249373745,-0.034685804249373745,-0.034685804249373745,-0.034685804249373745,-0.034685804249373745,-0.03412074775245511,-0.034685804249373745,-0.034685804249373745,-0.034685804249373745,-0.034685804249373745,-0.034685804249373745,-0.034685804249373745,-0.034685804249373745,-0.034685804249373745,-0.03412074775245511,-0.034685804249373745,-0.034685804249373745,-0.034685804249373745
149,0.005489844670011478,0.005489844670011478,0.005489844670011478,0.005489844670011478,0.005489844670011478,0.005489844670011478,0.005489844670011478,0.005489844670011478,0.005489844670011478,0.005489844670011478,0.005489844670011478,0.005489844670011478,0.005489844670011478,0.005489844670011478,0.005489844670011478,0.005489844670011478,0.005489844670011478,0.005489844670011478,0.005489844670011478,0.0029940216896141873,0.005489844670011478,0.005489844670011478,0.005489844670011478,0.005489844670011478,0.005489844670011478,0.005489844670011478,0.005489844670011478,0.005489844670011478,0.0029940216896141873,0.005489844670011478,0.005489844670011478,0.005489844670011478
150,0.410040289252413,0.410040289252413,0.410040289252413,0.410040289252413,0.410040289252413,0.410040289252413,0.410040289252413,0.410040289252413,0.410040289252413,0.410040289252413,0.410040289252413,0.410040289252413,0.410040289252413,0.410040289252413,0.410040289252413,0.410040289252413,0.410040289252413,0.410040289252413,0.410040289252413,0.4104543642981373,0.410040289252413,0.410040289252413,0.410040289252413,0.410040289252413,0.410040289252413,0.410040289252413,0.410040289252413,0.410040289252413,0.4104543642981373,0.410040289252413,0.410040289252413,0.410040289252413
151,0.0376257268433809,0.0376257268433809,0.0376257268433809,0.0376257268433809,0.0376257268433809,0.0376257268433809,0.0376257268433809,0.0376257268433809,0.0376257268433809,0.0376257268433809,0.0376257268433809,0.0376257268433809,0.0376257268433809,0.0376257268433809,0.0376257268433809,0.0376257268433809,0.0376257268433809,0.0376257268433809,0.0376257268433809,0.038843293272327,0.0376257268433809,0.0376257268433809,0.0376257268433809,0.0376257268433809,0.0376257268433809,0.0376257268433809,0.0376257268433809,0.0376257268433809,0.038843293272327,0.0376257268433809,0.0376257268433809,0.0376257268433809
152,0.000459600487411729,0.000459600487411729,0.000459600487411729,0.000459600487411729,0.000459600487411729,0.000459600487411729,0.000459600487411729,0.000459600487411729,0.000459600487411729,0.000459600487411729,0.000459600487411729,0.000459600487411729,0.000459600487411729,0.000459600487411729,0.000459600487411729,0.000459600487411729,0.000459600487411729,0.000459600487411729,0.000459600487411729,0.0006054055912115813,0.000459600487411729,0.000459600487411729,0.000459600487411729,0.000459600487411729,0.000459600487411729,0.000459600487411729,0.000459600487411729,0.000459600487411729,0.0006054055912115813,0.000459600487411729,0.000459600487411729,0.000459600487411729
153,0.0008277554433949418,0.0008277554433949418,0.0008277554433949418,0.0008277554433949418,0.0008277554433949418,0.0008277554433949418,0.0008277554433949418,0.0008277554433949418,0.0008277554433949418,0.0008277554433949418,0.0008277554433949418,0.0008277554433949418,0.0008277554433949418,0.0008277554433949418,0.0008277554433949418,0.0008277554433949418,0.0008277554433949418,0.0008277554433949418,0.0008277554433949418,0.0014760764490777743,0.0008277554433949418,0.0008277554433949418,0.0008277554433949418,0.0008277554433949418,0.0008277554433949418,0.0008277554433949418,0.0008277554433949418,0.0008277554433949418,0.0014760764490777743,0.0008277554433949418,0.0008277554433949418,0.0008277554433949418
154,0.012886715611293422,0.012886715611293422,0.012886715611293422,0.012886715611293422,0.012886715611293422,0.012886715611293422,0.012886715611293422,0.012886715611293422,0.012886715611293422,0.012886715611293422,0.012886715611293422,0.012886715611293422,0.012886715611293422,0.012886715611293422,0.012886715611293422,0.012886715611293422,0.012886715611293422,0.012886715611293422,0.012886715611293422,0.0135479164797088,0.012886715611293422,0.012886715611293422,0.012886715611293422,0.012886715611293422,0.012886715611293422,0.012886715611293422,0.012886715611293422,0.012886715611293422,0.0135479164797088,0.012886715611293422,0.012886715611293422,0.012886715611293422
155,0.0023511649409202603,0.0023511649409202603,0.0023511649409202603,0.0023511649409202603,0.0023511649409202603,0.0023511649409202603,0.0023511649409202603,0.0023511649409202603,0.0023511649409202603,0.0023511649409202603,0.0023511649409202603,0.0023511649409202603,0.0023511649409202603,0.0023511649409202603,0.0023511649409202603,0.0023511649409202603,0.0023511649409202603,0.0023511649409202603,0.0023511649409202603,0.002434321941085816,0.0023511649409202603,0.0023511649409202603,0.0023511649409202603,0.0023511649409202603,0.0023511649409202603,0.0023511649409202603,0.0023511649409202603,0.0023511649409202603,0.002434321941085816,0.0023511649409202603,0.0023511649409202603,0.0023511649409202603
156,0.5615648794138013,0.5615648794138013,0.5615648794138013,0.5615648794138013,0.5615648794138013,0.5615648794138013,0.5615648794138013,0.5615648794138013,0.5615648794138013,0.5615648794138013,0.5615648794138013,0.5615648794138013,0.5615648794138013,0.5615648794138013,0.5615648794138013,0.5615648794138013,0.5615648794138013,0.5615648794138013,0.5615648794138013,0.56241890894422,0.5615648794138013,0.5615648794138013,0.5615648794138013,0.5615648794138013,0.5615648794138013,0.5615648794138013,0.5615648794138013,0.5615648794138013,0.56241890894422,0.5615648794138013,0.5615648794138013,0.5615648794138013
157,0.003583232021165265,0.003583232021165265,0.003583232021165265,0.003583232021165265,0.003583232021165265,0.003583232021165265,0.003583232021165265,0.003583232021165265,0.003583232021165265,0.003583232021165265,0.003583232021165265,0.003583232021165265,0.003583232021165265,0.003583232021165265,0.003583232021165265,0.003583232021165265,0.003583232021165265,0.003583232021165265,0.003583232021165265,0.004046395856673005,0.003583232021165265,0.003583232021165265,0.003583232021165265,0.003583232021165265,0.003583232021165265,0.003583232021165265,0.003583232021165265,0.003583232021165265,0.004046395856673005,0.003583232021165265,0.003583232021165265,0.003583232021165265
158,0.006023459205697107,0.006023459205697107,0.006023459205697107,0.006023459205697107,0.006023459205697107,0.006023459205697107,0.006023459205697107,0.006023459205697107,0.006023459205697107,0.006023459205697107,0.006023459205697107,0.006023459205697107,0.006023459205697107,0.006023459205697107,0.006023459205697107,0.006023459205697107,0.006023459205697107,0.006023459205697107,0.006023459205697107,0.008730806960377948,0.006023459205697107,0.006023459205697107,0.006023459205697107,0.006023459205697107,0.006023459205697107,0.006023459205697107,0.006023459205697107,0.006023459205697107,0.008730806960377948,0.006023459205697107,0.006023459205697107,0.006023459205697107
159,-0.28309271057620833,-0.28309271057620833,-0.28309271057620833,-0.28309271057620833,-0.28309271057620833,-0.28309271057620833,-0.28309271057620833,-0.28309271057620833,-0.28309271057620833,-0.28309271057620833,-0.28309271057620833,-0.28309271057620833,-0.28309271057620833,-0.28309271057620833,-0.28309271057620833,-0.28309271057620833,-0.28309271057620833,-0.28309271057620833,-0.28309271057620833,-0.2849080966056819,-0.28309271057620833,-0.28309271057620833,-0.28309271057620833,-0.28309271057620833,-0.28309271057620833,-0.28309271057620833,-0.28309271057620833,-0.28309271057620833,-0.2849080966056819,-0.28309271057620833,-0.28309271057620833,-0.28309271057620833
160,0.00010576759203725561,0.00010576759203725561,0.00010576759203725561,0.00010576759203725561,0.00010576759203725561,0.00010576759203725561,0.00010576759203725561,0.00010576759203725561,0.00010576759203725561,0.00010576759203725561,0.00010576759203725561,0.00010576759203725561,0.00010576759203725561,0.00010576759203725561,0.00010576759203725561,0.00010576759203725561,0.00010576759203725561,0.00010576759203725561,0.00010576759203725561,0.001387464765625969,0.00010576759203725561,0.00010576759203725561,0.00010576759203725561,0.00010576759203725561,0.00010576759203725561,0.00010576759203725561,0.00010576759203725561,0.00010576759203725561,0.001387464765625969,0.00010576759203725561,0.00010576759203725561,0.00010576759203725561
