,0,1,2,3,4,5,6,7,8,9,10,11,12,13,14,15,16,17,18,19,20,21,22,23,24,25,26,27,28,29,30,31
0,-0.004817882450558982,-0.004817882450558982,-0.004817882450558982,-0.004817882450558982,-0.004817882450558982,-0.004817882450558982,-0.004817882450558982,-0.004817882450558982,-0.004817882450558982,-0.004817882450558982,-0.004817882450558982,-0.004816776754862435,-0.004817882450558982,-0.004817882450558982,-0.004817882450558982,-0.004817882450558982,-0.004817882450558982,-0.004817882450558982,-0.004817882450558982,-0.004817882450558982,-0.004816776754862435,-0.004817882450558982,-0.004817882450558982,-0.004817882450558982,-0.004817882450558982,-0.004817882450558982,-0.004817882450558982,-0.004817882450558982,-0.004817882450558982,-0.004816776754862435,-0.004817882450558982,-0.004817882450558982
1,0.0007797745048017612,0.0007797745048017612,0.0007797745048017612,0.0007797745048017612,0.0007797745048017612,0.0007797745048017612,0.0007797745048017612,0.0007797745048017612,0.0007797745048017612,0.0007797745048017612,0.0007797745048017612,-0.00021215349464961941,0.0007797745048017612,0.0007797745048017612,0.0007797745048017612,0.0007797745048017612,0.0007797745048017612,0.0007797745048017612,0.0007797745048017612,0.0007797745048017612,-0.00021215349464961941,0.0007797745048017612,0.0007797745048017612,0.0007797745048017612,0.0007797745048017612,0.0007797745048017612,0.0007797745048017612,0.0007797745048017612,0.0007797745048017612,-0.00021215349464961941,0.0007797745048017612,0.0007797745048017612
2,0.0018318020770768909,0.0018318020770768909,0.0018318020770768909,0.0018318020770768909,0.0018318020770768909,0.0018318020770768909,0.0018318020770768909,0.0018318020770768909,0.0018318020770768909,0.0018318020770768909,0.0018318020770768909,0.001526601518355165,0.0018318020770768909,0.0018318020770768909,0.0018318020770768909,0.0018318020770768909,0.0018318020770768909,0.0018318020770768909,0.0018318020770768909,0.0018318020770768909,0.001526601518355165,0.0018318020770768909,0.0018318020770768909,0.0018318020770768909,0.0018318020770768909,0.0018318020770768909,0.0018318020770768909,0.0018318020770768909,0.0018318020770768909,0.001526601518355165,0.0018318020770768909,0.0018318020770768909
3,-0.0005731690063384637,-0.0005731690063384637,-0.0005731690063384637,-0.0005731690063384637,-0.0005731690063384637,-0.0005731690063384637,-0.0005731690063384637,-0.0005731690063384637,-0.0005731690063384637,-0.0005731690063384637,-0.0005731690063384637,-0.000573550714312519,-0.0005731690063384637,-0.0005731690063384637,-0.0005731690063384637,-0.0005731690063384637,-0.0005731690063384637,-0.0005731690063384637,-0.0005731690063384637,-0.0005731690063384637,-0.000573550714312519,-0.0005731690063384637,-0.0005731690063384637,-0.0005731690063384637,-0.0005731690063384637,-0.0005731690063384637,-0.0005731690063384637,-0.0005731690063384637,-0.0005731690063384637,-0.000573550714312519,-0.0005731690063384637,-0.0005731690063384637
4,6.884949374582712e-05,6.884949374582712e-05,6.884949374582712e-05,6.884949374582712e-05,6.884949374582712e-05,6.884949374582712e-05,6.884949374582712e-05,6.884949374582712e-05,6.884949374582712e-05,6.884949374582712e-05,6.884949374582712e-05,0.00015100018134024519,6.884949374582712e-05,6.884949374582712e-05,6.884949374582712e-05,6.884949374582712e-05,6.884949374582712e-05,6.884949374582712e-05,6.884949374582712e-05,6.884949374582712e-05,0.00015100018134024519,6.884949374582712e-05,6.884949374582712e-05,6.884949374582712e-05,6.884949374582712e-05,6.884949374582712e-05,6.884949374582712e-05,6.884949374582712e-05,6.884949374582712e-05,0.00015100018134024519,6.884949374582712e-05,6.884949374582712e-05
5,0.0002601940471847663,0.0002601940471847663,0.0002601940471847663,0.0002601940471847663,0.0002601940471847663,0.0002601940471847663,0.0002601940471847663,0.0002601940471847663,0.0002601940471847663,0.0002601940471847663,0.0002601940471847663,0.000579133449267874,0.0002601940471847663,0.0002601940471847663,0.0002601940471847663,0.0002601940471847663,0.0002601940471847663,0.0002601940471847663,0.0002601940471847663,0.0002601940471847663,0.000579133449267874,0.0002601940471847663,0.0002601940471847663,0.0002601940471847663,0.0002601940471847663,0.0002601940471847663,0.0002601940471847663,0.0002601940471847663,0.0002601940471847663,0.000579133449267874,0.0002601940471847663,0.0002601940471847663
6,0.0011647937741405883,0.0011647937741405883,0.0011647937741405883,0.0011647937741405883,0.0011647937741405883,0.0011647937741405883,0.0011647937741405883,0.0011647937741405883,0.0011647937741405883,0.0011647937741405883,0.0011647937741405883,0.0011428630384889256,0.0011647937741405883,0.0011647937741405883,0.0011647937741405883,0.0011647937741405883,0.0011647937741405883,0.0011647937741405883,0.0011647937741405883,0.0011647937741405883,0.0011428630384889256,0.0011647937741405883,0.0011647937741405883,0.0011647937741405883,0.0011647937741405883,0.0011647937741405883,0.0011647937741405883,0.0011647937741405883,0.0011647937741405883,0.0011428630384889256,0.0011647937741405883,0.0011647937741405883
7,0.0036564468756157737,0.0036564468756157737,0.0036564468756157737,0.0036564468756157737,0.0036564468756157737,0.0036564468756157737,0.0036564468756157737,0.0036564468756157737,0.0036564468756157737,0.0036564468756157737,0.0036564468756157737,0.001691692295925147,0.0036564468756157737,0.0036564468756157737,0.0036564468756157737,0.0036564468756157737,0.0036564468756157737,0.0036564468756157737,0.0036564468756157737,0.0036564468756157737,0.001691692295925147,0.0036564468756157737,0.0036564468756157737,0.0036564468756157737,0.0036564468756157737,0.0036564468756157737,0.0036564468756157737,0.0036564468756157737,0.0036564468756157737,0.001691692295925147,0.0036564468756157737,0.0036564468756157737
8,0.00046630019175974687,0.00046630019175974687,0.00046630019175974687,0.00046630019175974687,0.00046630019175974687,0.00046630019175974687,0.00046630019175974687,0.00046630019175974687,0.00046630019175974687,0.00046630019175974687,0.00046630019175974687,0.0004659946482674531,0.00046630019175974687,0.00046630019175974687,0.00046630019175974687,0.00046630019175974687,0.00046630019175974687,0.00046630019175974687,0.00046630019175974687,0.00046630019175974687,0.0004659946482674531,0.00046630019175974687,0.00046630019175974687,0.00046630019175974687,0.00046630019175974687,0.00046630019175974687,0.00046630019175974687,0.00046630019175974687,0.00046630019175974687,0.0004659946482674531,0.00046630019175974687,0.00046630019175974687
9,-0.00031832029672642753,-0.00031832029672642753,-0.00031832029672642753,-0.00031832029672642753,-0.00031832029672642753,-0.00031832029672642753,-0.00031832029672642753,-0.00031832029672642753,-0.00031832029672642753,-0.00031832029672642753,-0.00031832029672642753,-0.0003190916451759984,-0.00031832029672642753,-0.00031832029672642753,-0.00031832029672642753,-0.00031832029672642753,-0.00031832029672642753,-0.00031832029672642753,-0.00031832029672642753,-0.00031832029672642753,-0.0003190916451759984,-0.00031832029672642753,-0.00031832029672642753,-0.00031832029672642753,-0.00031832029672642753,-0.00031832029672642753,-0.00031832029672642753,-0.00031832029672642753,-0.00031832029672642753,-0.0003190916451759984,-0.00031832029672642753,-0.00031832029672642753
10,-0.0003322570755430173,-0.0003322570755430173,-0.0003322570755430173,-0.0003322570755430173,-0.0003322570755430173,-0.0003322570755430173,-0.0003322570755430173,-0.0003322570755430173,-0.0003322570755430173,-0.0003322570755430173,-0.0003322570755430173,-0.0006222298945380868,-0.0003322570755430173,-0.0003322570755430173,-0.0003322570755430173,-0.0003322570755430173,-0.0003322570755430173,-0.0003322570755430173,-0.0003322570755430173,-0.0003322570755430173,-0.0006222298945380868,-0.0003322570755430173,-0.0003322570755430173,-0.0003322570755430173,-0.0003322570755430173,-0.0003322570755430173,-0.0003322570755430173,-0.0003322570755430173,-0.0003322570755430173,-0.0006222298945380868,-0.0003322570755430173,-0.0003322570755430173
11,0.0038695176090144693,0.0038695176090144693,0.0038695176090144693,0.0038695176090144693,0.0038695176090144693,0.0038695176090144693,0.0038695176090144693,0.0038695176090144693,0.0038695176090144693,0.0038695176090144693,0.0038695176090144693,0.002054131510913982,0.0038695176090144693,0.0038695176090144693,0.0038695176090144693,0.0038695176090144693,0.0038695176090144693,0.0038695176090144693,0.0038695176090144693,0.0038695176090144693,0.002054131510913982,0.0038695176090144693,0.0038695176090144693,0.0038695176090144693,0.0038695176090144693,0.0038695176090144693,0.0038695176090144693,0.0038695176090144693,0.0038695176090144693,0.002054131510913982,0.0038695176090144693,0.0038695176090144693
12,0.004285698794512769,0.004285698794512769,0.004285698794512769,0.004285698794512769,0.004285698794512769,0.004285698794512769,0.004285698794512769,0.004285698794512769,0.004285698794512769,0.004285698794512769,0.004285698794512769,0.002569669544091651,0.004285698794512769,0.004285698794512769,0.004285698794512769,0.004285698794512769,0.004285698794512769,0.004285698794512769,0.004285698794512769,0.004285698794512769,0.002569669544091651,0.004285698794512769,0.004285698794512769,0.004285698794512769,0.004285698794512769,0.004285698794512769,0.004285698794512769,0.004285698794512769,0.004285698794512769,0.002569669544091651,0.004285698794512769,0.004285698794512769
13,-0.002251058145746887,-0.002251058145746887,-0.002251058145746887,-0.002251058145746887,-0.002251058145746887,-0.002251058145746887,-0.002251058145746887,-0.002251058145746887,-0.002251058145746887,-0.002251058145746887,-0.002251058145746887,-0.002413751904048153,-0.002251058145746887,-0.002251058145746887,-0.002251058145746887,-0.002251058145746887,-0.002251058145746887,-0.002251058145746887,-0.002251058145746887,-0.002251058145746887,-0.002413751904048153,-0.002251058145746887,-0.002251058145746887,-0.002251058145746887,-0.002251058145746887,-0.002251058145746887,-0.002251058145746887,-0.002251058145746887,-0.002251058145746887,-0.002413751904048153,-0.002251058145746887,-0.002251058145746887
14,0.0013223752410127156,0.0013223752410127156,0.0013223752410127156,0.0013223752410127156,0.0013223752410127156,0.0013223752410127156,0.0013223752410127156,0.0013223752410127156,0.0013223752410127156,0.0013223752410127156,0.0013223752410127156,0.00047784667048879413,0.0013223752410127156,0.0013223752410127156,0.0013223752410127156,0.0013223752410127156,0.0013223752410127156,0.0013223752410127156,0.0013223752410127156,0.0013223752410127156,0.00047784667048879413,0.0013223752410127156,0.0013223752410127156,0.0013223752410127156,0.0013223752410127156,0.0013223752410127156,0.0013223752410127156,0.0013223752410127156,0.0013223752410127156,0.00047784667048879413,0.0013223752410127156,0.0013223752410127156
15,0.005054209627976054,0.005054209627976054,0.005054209627976054,0.005054209627976054,0.005054209627976054,0.005054209627976054,0.005054209627976054,0.005054209627976054,0.005054209627976054,0.005054209627976054,0.005054209627976054,0.0029491177449187463,0.005054209627976054,0.005054209627976054,0.005054209627976054,0.005054209627976054,0.005054209627976054,0.005054209627976054,0.005054209627976054,0.005054209627976054,0.0029491177449187463,0.005054209627976054,0.005054209627976054,0.005054209627976054,0.005054209627976054,0.005054209627976054,0.005054209627976054,0.005054209627976054,0.005054209627976054,0.0029491177449187463,0.005054209627976054,0.005054209627976054
16,0.001046881346079302,0.001046881346079302,0.001046881346079302,0.001046881346079302,0.001046881346079302,0.001046881346079302,0.001046881346079302,0.001046881346079302,0.001046881346079302,0.001046881346079302,0.001046881346079302,-0.00020825448918426403,0.001046881346079302,0.001046881346079302,0.001046881346079302,0.001046881346079302,0.001046881346079302,0.001046881346079302,0.001046881346079302,0.001046881346079302,-0.00020825448918426403,0.001046881346079302,0.001046881346079302,0.001046881346079302,0.001046881346079302,0.001046881346079302,0.001046881346079302,0.001046881346079302,0.001046881346079302,-0.00020825448918426403,0.001046881346079302,0.001046881346079302
17,-5.017719840448084e-05,-5.017719840448084e-05,-5.017719840448084e-05,-5.017719840448084e-05,-5.017719840448084e-05,-5.017719840448084e-05,-5.017719840448084e-05,-5.017719840448084e-05,-5.017719840448084e-05,-5.017719840448084e-05,-5.017719840448084e-05,-9.354507834622126e-05,-5.017719840448084e-05,-5.017719840448084e-05,-5.017719840448084e-05,-5.017719840448084e-05,-5.017719840448084e-05,-5.017719840448084e-05,-5.017719840448084e-05,-5.017719840448084e-05,-9.354507834622126e-05,-5.017719840448084e-05,-5.017719840448084e-05,-5.017719840448084e-05,-5.017719840448084e-05,-5.017719840448084e-05,-5.017719840448084e-05,-5.017719840448084e-05,-5.017719840448084e-05,-9.354507834622126e-05,-5.017719840448084e-05,-5.017719840448084e-05
18,0.0037919220931969646,0.0037919220931969646,0.0037919220931969646,0.0037919220931969646,0.0037919220931969646,0.0037919220931969646,0.0037919220931969646,0.0037919220931969646,0.0037919220931969646,0.0037919220931969646,0.0037919220931969646,0.0015766443089181802,0.0037919220931969646,0.0037919220931969646,0.0037919220931969646,0.0037919220931969646,0.0037919220931969646,0.0037919220931969646,0.0037919220931969646,0.0037919220931969646,0.0015766443089181802,0.0037919220931969646,0.0037919220931969646,0.0037919220931969646,0.0037919220931969646,0.0037919220931969646,0.0037919220931969646,0.0037919220931969646,0.0037919220931969646,0.0015766443089181802,0.0037919220931969646,0.0037919220931969646
19,-0.0021296280926792685,-0.0021296280926792685,-0.0021296280926792685,-0.0021296280926792685,-0.0021296280926792685,-0.0021296280926792685,-0.0021296280926792685,-0.0021296280926792685,-0.0021296280926792685,-0.0021296280926792685,-0.0021296280926792685,0.001715881888095363,-0.0021296280926792685,-0.0021296280926792685,-0.0021296280926792685,-0.0021296280926792685,-0.0021296280926792685,-0.0021296280926792685,-0.0021296280926792685,-0.0021296280926792685,0.001715881888095363,-0.0021296280926792685,-0.0021296280926792685,-0.0021296280926792685,-0.0021296280926792685,-0.0021296280926792685,-0.0021296280926792685,-0.0021296280926792685,-0.0021296280926792685,0.001715881888095363,-0.0021296280926792685,-0.0021296280926792685
20,9.580042876198208,9.580042876198208,9.580042876198208,9.580042876198208,9.580042876198208,9.580042876198208,9.580042876198208,9.580042876198208,9.580042876198208,9.580042876198208,9.580042876198208,9.570594103144753,9.580042876198208,9.580042876198208,9.580042876198208,9.580042876198208,9.580042876198208,9.580042876198208,9.580042876198208,9.580042876198208,9.570594103144753,9.580042876198208,9.580042876198208,9.580042876198208,9.580042876198208,9.580042876198208,9.580042876198208,9.580042876198208,9.580042876198208,9.570594103144753,9.580042876198208,9.580042876198208
21,1.1259435856470987,1.1259435856470987,1.1259435856470987,1.1259435856470987,1.1259435856470987,1.1259435856470987,1.1259435856470987,1.1259435856470987,1.1259435856470987,1.1259435856470987,1.1259435856470987,1.125775239870929,1.1259435856470987,1.1259435856470987,1.1259435856470987,1.1259435856470987,1.1259435856470987,1.1259435856470987,1.1259435856470987,1.1259435856470987,1.125775239870929,1.1259435856470987,1.1259435856470987,1.1259435856470987,1.1259435856470987,1.1259435856470987,1.1259435856470987,1.1259435856470987,1.1259435856470987,1.125775239870929,1.1259435856470987,1.1259435856470987
22,2.906491859800879,2.906491859800879,2.906491859800879,2.906491859800879,2.906491859800879,2.906491859800879,2.906491859800879,2.906491859800879,2.906491859800879,2.906491859800879,2.906491859800879,2.9075560916215255,2.906491859800879,2.906491859800879,2.906491859800879,2.906491859800879,2.906491859800879,2.906491859800879,2.906491859800879,2.906491859800879,2.9075560916215255,2.906491859800879,2.906491859800879,2.906491859800879,2.906491859800879,2.906491859800879,2.906491859800879,2.906491859800879,2.906491859800879,2.9075560916215255,2.906491859800879,2.906491859800879
23,-0.24260963836169425,-0.24260963836169425,-0.24260963836169425,-0.24260963836169425,-0.24260963836169425,-0.24260963836169425,-0.24260963836169425,-0.24260963836169425,-0.24260963836169425,-0.24260963836169425,-0.24260963836169425,-0.24266787122633923,-0.24260963836169425,-0.24260963836169425,-0.24260963836169425,-0.24260963836169425,-0.24260963836169425,-0.24260963836169425,-0.24260963836169425,-0.24260963836169425,-0.24266787122633923,-0.24260963836169425,-0.24260963836169425,-0.24260963836169425,-0.24260963836169425,-0.24260963836169425,-0.24260963836169425,-0.24260963836169425,-0.24260963836169425,-0.24266787122633923,-0.24260963836169425,-0.24260963836169425
24,-0.12515785741326332,-0.12515785741326332,-0.12515785741326332,-0.12515785741326332,-0.12515785741326332,-0.12515785741326332,-0.12515785741326332,-0.12515785741326332,-0.12515785741326332,-0.12515785741326332,-0.12515785741326332,-0.12591531594239536,-0.12515785741326332,-0.12515785741326332,-0.12515785741326332,-0.12515785741326332,-0.12515785741326332,-0.12515785741326332,-0.12515785741326332,-0.12515785741326332,-0.12591531594239536,-0.12515785741326332,-0.12515785741326332,-0.12515785741326332,-0.12515785741326332,-0.12515785741326332,-0.12515785741326332,-0.12515785741326332,-0.12515785741326332,-0.12591531594239536,-0.12515785741326332,-0.12515785741326332
25,1.1472954174286885,1.1472954174286885,1.1472954174286885,1.1472954174286885,1.1472954174286885,1.1472954174286885,1.1472954174286885,1.1472954174286885,1.1472954174286885,1.1472954174286885,1.1472954174286885,1.144900533845459,1.1472954174286885,1.1472954174286885,1.1472954174286885,1.1472954174286885,1.1472954174286885,1.1472954174286885,1.1472954174286885,1.1472954174286885,1.144900533845459,1.1472954174286885,1.1472954174286885,1.1472954174286885,1.1472954174286885,1.1472954174286885,1.1472954174286885,1.1472954174286885,1.1472954174286885,1.144900533845459,1.1472954174286885,1.1472954174286885
26,3.3980024033126384,3.3980024033126384,3.3980024033126384,3.3980024033126384,3.3980024033126384,3.3980024033126384,3.3980024033126384,3.3980024033126384,3.3980024033126384,3.3980024033126384,3.3980024033126384,3.3964247078812613,3.3980024033126384,3.3980024033126384,3.3980024033126384,3.3980024033126384,3.3980024033126384,3.3980024033126384,3.3980024033126384,3.3980024033126384,3.3964247078812613,3.3980024033126384,3.3980024033126384,3.3980024033126384,3.3980024033126384,3.3980024033126384,3.3980024033126384,3.3980024033126384,3.3980024033126384,3.3964247078812613,3.3980024033126384,3.3980024033126384
27,-0.020026177948028426,-0.020026177948028426,-0.020026177948028426,-0.020026177948028426,-0.020026177948028426,-0.020026177948028426,-0.020026177948028426,-0.020026177948028426,-0.020026177948028426,-0.020026177948028426,-0.020026177948028426,-0.020389697906690395,-0.020026177948028426,-0.020026177948028426,-0.020026177948028426,-0.020026177948028426,-0.020026177948028426,-0.020026177948028426,-0.020026177948028426,-0.020026177948028426,-0.020389697906690395,-0.020026177948028426,-0.020026177948028426,-0.020026177948028426,-0.020026177948028426,-0.020026177948028426,-0.020026177948028426,-0.020026177948028426,-0.020026177948028426,-0.020389697906690395,-0.020026177948028426,-0.020026177948028426
28,0.03680622370233714,0.03680622370233714,0.03680622370233714,0.03680622370233714,0.03680622370233714,0.03680622370233714,0.03680622370233714,0.03680622370233714,0.03680622370233714,0.03680622370233714,0.03680622370233714,0.03629491154472225,0.03680622370233714,0.03680622370233714,0.03680622370233714,0.03680622370233714,0.03680622370233714,0.03680622370233714,0.03680622370233714,0.03680622370233714,0.03629491154472225,0.03680622370233714,0.03680622370233714,0.03680622370233714,0.03680622370233714,0.03680622370233714,0.03680622370233714,0.03680622370233714,0.03680622370233714,0.03629491154472225,0.03680622370233714,0.03680622370233714
29,1.1768881645408444,1.1768881645408444,1.1768881645408444,1.1768881645408444,1.1768881645408444,1.1768881645408444,1.1768881645408444,1.1768881645408444,1.1768881645408444,1.1768881645408444,1.1768881645408444,1.1775202738701895,1.1768881645408444,1.1768881645408444,1.1768881645408444,1.1768881645408444,1.1768881645408444,1.1768881645408444,1.1768881645408444,1.1768881645408444,1.1775202738701895,1.1768881645408444,1.1768881645408444,1.1768881645408444,1.1768881645408444,1.1768881645408444,1.1768881645408444,1.1768881645408444,1.1768881645408444,1.1775202738701895,1.1768881645408444,1.1768881645408444
30,-0.15258688370235216,-0.15258688370235216,-0.15258688370235216,-0.15258688370235216,-0.15258688370235216,-0.15258688370235216,-0.15258688370235216,-0.15258688370235216,-0.15258688370235216,-0.15258688370235216,-0.15258688370235216,-0.15220567135625238,-0.15258688370235216,-0.15258688370235216,-0.15258688370235216,-0.15258688370235216,-0.15258688370235216,-0.15258688370235216,-0.15258688370235216,-0.15258688370235216,-0.15220567135625238,-0.15258688370235216,-0.15258688370235216,-0.15258688370235216,-0.15258688370235216,-0.15258688370235216,-0.15258688370235216,-0.15258688370235216,-0.15258688370235216,-0.15220567135625238,-0.15258688370235216,-0.15258688370235216
31,-0.36446953057318476,-0.36446953057318476,-0.36446953057318476,-0.36446953057318476,-0.36446953057318476,-0.36446953057318476,-0.36446953057318476,-0.36446953057318476,-0.36446953057318476,-0.36446953057318476,-0.36446953057318476,-0.3625470414319224,-0.36446953057318476,-0.36446953057318476,-0.36446953057318476,-0.36446953057318476,-0.36446953057318476,-0.36446953057318476,-0.36446953057318476,-0.36446953057318476,-0.3625470414319224,-0.36446953057318476,-0.36446953057318476,-0.36446953057318476,-0.36446953057318476,-0.36446953057318476,-0.36446953057318476,-0.36446953057318476,-0.36446953057318476,-0.3625470414319224,-0.36446953057318476,-0.36446953057318476
32,1.1060507594211215,1.1060507594211215,1.1060507594211215,1.1060507594211215,1.1060507594211215,1.1060507594211215,1.1060507594211215,1.1060507594211215,1.1060507594211215,1.1060507594211215,1.1060507594211215,1.1048758514933585,1.1060507594211215,1.1060507594211215,1.1060507594211215,1.1060507594211215,1.1060507594211215,1.1060507594211215,1.1060507594211215,1.1060507594211215,1.1048758514933585,1.1060507594211215,1.1060507594211215,1.1060507594211215,1.1060507594211215,1.1060507594211215,1.1060507594211215,1.1060507594211215,1.1060507594211215,1.1048758514933585,1.1060507594211215,1.1060507594211215
33,0.7013041941281043,0.7013041941281043,0.7013041941281043,0.7013041941281043,0.7013041941281043,0.7013041941281043,0.7013041941281043,0.7013041941281043,0.7013041941281043,0.7013041941281043,0.7013041941281043,0.7007471719116947,0.7013041941281043,0.7013041941281043,0.7013041941281043,0.7013041941281043,0.7013041941281043,0.7013041941281043,0.7013041941281043,0.7013041941281043,0.7007471719116947,0.7013041941281043,0.7013041941281043,0.7013041941281043,0.7013041941281043,0.7013041941281043,0.7013041941281043,0.7013041941281043,0.7013041941281043,0.7007471719116947,0.7013041941281043,0.7013041941281043
34,0.6590417751049291,0.6590417751049291,0.6590417751049291,0.6590417751049291,0.6590417751049291,0.6590417751049291,0.6590417751049291,0.6590417751049291,0.6590417751049291,0.6590417751049291,0.6590417751049291,0.6560025044381679,0.6590417751049291,0.6590417751049291,0.6590417751049291,0.6590417751049291,0.6590417751049291,0.6590417751049291,0.6590417751049291,0.6590417751049291,0.6560025044381679,0.6590417751049291,0.6590417751049291,0.6590417751049291,0.6590417751049291,0.6590417751049291,0.6590417751049291,0.6590417751049291,0.6590417751049291,0.6560025044381679,0.6590417751049291,0.6590417751049291
35,4.666720113859397,4.666720113859397,4.666720113859397,4.666720113859397,4.666720113859397,4.666720113859397,4.666720113859397,4.666720113859397,4.666720113859397,4.666720113859397,4.666720113859397,4.665320355495575,4.666720113859397,4.666720113859397,4.666720113859397,4.666720113859397,4.666720113859397,4.666720113859397,4.666720113859397,4.666720113859397,4.665320355495575,4.666720113859397,4.666720113859397,4.666720113859397,4.666720113859397,4.666720113859397,4.666720113859397,4.666720113859397,4.666720113859397,4.665320355495575,4.666720113859397,4.666720113859397
36,3.592627306065147,3.592627306065147,3.592627306065147,3.592627306065147,3.592627306065147,3.592627306065147,3.592627306065147,3.592627306065147,3.592627306065147,3.592627306065147,3.592627306065147,3.589472277790498,3.592627306065147,3.592627306065147,3.592627306065147,3.592627306065147,3.592627306065147,3.592627306065147,3.592627306065147,3.592627306065147,3.589472277790498,3.592627306065147,3.592627306065147,3.592627306065147,3.592627306065147,3.592627306065147,3.592627306065147,3.592627306065147,3.592627306065147,3.589472277790498,3.592627306065147,3.592627306065147
37,0.7253246662632121,0.7253246662632121,0.7253246662632121,0.7253246662632121,0.7253246662632121,0.7253246662632121,0.7253246662632121,0.7253246662632121,0.7253246662632121,0.7253246662632121,0.7253246662632121,0.7230273557595174,0.7253246662632121,0.7253246662632121,0.7253246662632121,0.7253246662632121,0.7253246662632121,0.7253246662632121,0.7253246662632121,0.7253246662632121,0.7230273557595174,0.7253246662632121,0.7253246662632121,0.7253246662632121,0.7253246662632121,0.7253246662632121,0.7253246662632121,0.7253246662632121,0.7253246662632121,0.7230273557595174,0.7253246662632121,0.7253246662632121
38,0.07270527748613985,0.07270527748613985,0.07270527748613985,0.07270527748613985,0.07270527748613985,0.07270527748613985,0.07270527748613985,0.07270527748613985,0.07270527748613985,0.07270527748613985,0.07270527748613985,0.07093533022575312,0.07270527748613985,0.07270527748613985,0.07270527748613985,0.07270527748613985,0.07270527748613985,0.07270527748613985,0.07270527748613985,0.07270527748613985,0.07093533022575312,0.07270527748613985,0.07270527748613985,0.07270527748613985,0.07270527748613985,0.07270527748613985,0.07270527748613985,0.07270527748613985,0.07270527748613985,0.07093533022575312,0.07270527748613985,0.07270527748613985
39,0.5705294397458133,0.5705294397458133,0.5705294397458133,0.5705294397458133,0.5705294397458133,0.5705294397458133,0.5705294397458133,0.5705294397458133,0.5705294397458133,0.5705294397458133,0.5705294397458133,0.5695571034853211,0.5705294397458133,0.5705294397458133,0.5705294397458133,0.5705294397458133,0.5705294397458133,0.5705294397458133,0.5705294397458133,0.5705294397458133,0.5695571034853211,0.5705294397458133,0.5705294397458133,0.5705294397458133,0.5705294397458133,0.5705294397458133,0.5705294397458133,0.5705294397458133,0.5705294397458133,0.5695571034853211,0.5705294397458133,0.5705294397458133
40,0.12924219320994473,0.12924219320994473,0.12924219320994473,0.12924219320994473,0.12924219320994473,0.12924219320994473,0.12924219320994473,0.12924219320994473,0.12924219320994473,0.12924219320994473,0.12924219320994473,0.12969686364334695,0.12924219320994473,0.12924219320994473,0.12924219320994473,0.12924219320994473,0.12924219320994473,0.12924219320994473,0.12924219320994473,0.12924219320994473,0.12969686364334695,0.12924219320994473,0.12924219320994473,0.12924219320994473,0.12924219320994473,0.12924219320994473,0.12924219320994473,0.12924219320994473,0.12924219320994473,0.12969686364334695,0.12924219320994473,0.12924219320994473
41,0.10967666393246761,0.10967666393246761,0.10967666393246761,0.10967666393246761,0.10967666393246761,0.10967666393246761,0.10967666393246761,0.10967666393246761,0.10967666393246761,0.10967666393246761,0.10967666393246761,0.1086140127253479,0.10967666393246761,0.10967666393246761,0.10967666393246761,0.10967666393246761,0.10967666393246761,0.10967666393246761,0.10967666393246761,0.10967666393246761,0.1086140127253479,0.10967666393246761,0.10967666393246761,0.10967666393246761,0.10967666393246761,0.10967666393246761,0.10967666393246761,0.10967666393246761,0.10967666393246761,0.1086140127253479,0.10967666393246761,0.10967666393246761
42,-2.630488707868007,-2.630488707868007,-2.630488707868007,-2.630488707868007,-2.630488707868007,-2.630488707868007,-2.630488707868007,-2.630488707868007,-2.630488707868007,-2.630488707868007,-2.630488707868007,-2.630271801595541,-2.630488707868007,-2.630488707868007,-2.630488707868007,-2.630488707868007,-2.630488707868007,-2.630488707868007,-2.630488707868007,-2.630488707868007,-2.630271801595541,-2.630488707868007,-2.630488707868007,-2.630488707868007,-2.630488707868007,-2.630488707868007,-2.630488707868007,-2.630488707868007,-2.630488707868007,-2.630271801595541,-2.630488707868007,-2.630488707868007
43,-0.1292619016943688,-0.1292619016943688,-0.1292619016943688,-0.1292619016943688,-0.1292619016943688,-0.1292619016943688,-0.1292619016943688,-0.1292619016943688,-0.1292619016943688,-0.1292619016943688,-0.1292619016943688,-0.129826603238201,-0.1292619016943688,-0.1292619016943688,-0.1292619016943688,-0.1292619016943688,-0.1292619016943688,-0.1292619016943688,-0.1292619016943688,-0.1292619016943688,-0.129826603238201,-0.1292619016943688,-0.1292619016943688,-0.1292619016943688,-0.1292619016943688,-0.1292619016943688,-0.1292619016943688,-0.1292619016943688,-0.1292619016943688,-0.129826603238201,-0.1292619016943688,-0.1292619016943688
44,-0.10490975491819449,-0.10490975491819449,-0.10490975491819449,-0.10490975491819449,-0.10490975491819449,-0.10490975491819449,-0.10490975491819449,-0.10490975491819449,-0.10490975491819449,-0.10490975491819449,-0.10490975491819449,-0.10344656346769936,-0.10490975491819449,-0.10490975491819449,-0.10490975491819449,-0.10490975491819449,-0.10490975491819449,-0.10490975491819449,-0.10490975491819449,-0.10490975491819449,-0.10344656346769936,-0.10490975491819449,-0.10490975491819449,-0.10490975491819449,-0.10490975491819449,-0.10490975491819449,-0.10490975491819449,-0.10490975491819449,-0.10490975491819449,-0.10344656346769936,-0.10490975491819449,-0.10490975491819449
45,0.891443029827328,0.891443029827328,0.891443029827328,0.891443029827328,0.891443029827328,0.891443029827328,0.891443029827328,0.891443029827328,0.891443029827328,0.891443029827328,0.891443029827328,0.889643760884548,0.891443029827328,0.891443029827328,0.891443029827328,0.891443029827328,0.891443029827328,0.891443029827328,0.891443029827328,0.891443029827328,0.889643760884548,0.891443029827328,0.891443029827328,0.891443029827328,0.891443029827328,0.891443029827328,0.891443029827328,0.891443029827328,0.891443029827328,0.889643760884548,0.891443029827328,0.891443029827328
46,2.434380475290822,2.434380475290822,2.434380475290822,2.434380475290822,2.434380475290822,2.434380475290822,2.434380475290822,2.434380475290822,2.434380475290822,2.434380475290822,2.434380475290822,2.4335490792388255,2.434380475290822,2.434380475290822,2.434380475290822,2.434380475290822,2.434380475290822,2.434380475290822,2.434380475290822,2.434380475290822,2.4335490792388255,2.434380475290822,2.434380475290822,2.434380475290822,2.434380475290822,2.434380475290822,2.434380475290822,2.434380475290822,2.434380475290822,2.4335490792388255,2.434380475290822,2.434380475290822
47,-0.0036126435244987587,-0.0036126435244987587,-0.0036126435244987587,-0.0036126435244987587,-0.0036126435244987587,-0.0036126435244987587,-0.0036126435244987587,-0.0036126435244987587,-0.0036126435244987587,-0.0036126435244987587,-0.0036126435244987587,-0.0041417906012231375,-0.0036126435244987587,-0.0036126435244987587,-0.0036126435244987587,-0.0036126435244987587,-0.0036126435244987587,-0.0036126435244987587,-0.0036126435244987587,-0.0036126435244987587,-0.0041417906012231375,-0.0036126435244987587,-0.0036126435244987587,-0.0036126435244987587,-0.0036126435244987587,-0.0036126435244987587,-0.0036126435244987587,-0.0036126435244987587,-0.0036126435244987587,-0.0041417906012231375,-0.0036126435244987587,-0.0036126435244987587
48,2.2857402542029184,2.2857402542029184,2.2857402542029184,2.2857402542029184,2.2857402542029184,2.2857402542029184,2.2857402542029184,2.2857402542029184,2.2857402542029184,2.2857402542029184,2.2857402542029184,2.286306099357902,2.2857402542029184,2.2857402542029184,2.2857402542029184,2.2857402542029184,2.2857402542029184,2.2857402542029184,2.2857402542029184,2.2857402542029184,2.286306099357902,2.2857402542029184,2.2857402542029184,2.2857402542029184,2.2857402542029184,2.2857402542029184,2.2857402542029184,2.2857402542029184,2.2857402542029184,2.286306099357902,2.2857402542029184,2.2857402542029184
49,2.0699228192593155,2.0699228192593155,2.0699228192593155,2.0699228192593155,2.0699228192593155,2.0699228192593155,2.0699228192593155,2.0699228192593155,2.0699228192593155,2.0699228192593155,2.0699228192593155,2.069878681366627,2.0699228192593155,2.0699228192593155,2.0699228192593155,2.0699228192593155,2.0699228192593155,2.0699228192593155,2.0699228192593155,2.0699228192593155,2.069878681366627,2.0699228192593155,2.0699228192593155,2.0699228192593155,2.0699228192593155,2.0699228192593155,2.0699228192593155,2.0699228192593155,2.0699228192593155,2.069878681366627,2.0699228192593155,2.0699228192593155
50,0.022092825606772608,0.022092825606772608,0.022092825606772608,0.022092825606772608,0.022092825606772608,0.022092825606772608,0.022092825606772608,0.022092825606772608,0.022092825606772608,0.022092825606772608,0.022092825606772608,0.020358043023028963,0.022092825606772608,0.022092825606772608,0.022092825606772608,0.022092825606772608,0.022092825606772608,0.022092825606772608,0.022092825606772608,0.022092825606772608,0.020358043023028963,0.022092825606772608,0.022092825606772608,0.022092825606772608,0.022092825606772608,0.022092825606772608,0.022092825606772608,0.022092825606772608,0.022092825606772608,0.020358043023028963,0.022092825606772608,0.022092825606772608
51,0.03926544784986431,0.03926544784986431,0.03926544784986431,0.03926544784986431,0.03926544784986431,0.03926544784986431,0.03926544784986431,0.03926544784986431,0.03926544784986431,0.03926544784986431,0.03926544784986431,0.03904498009298949,0.03926544784986431,0.03926544784986431,0.03926544784986431,0.03926544784986431,0.03926544784986431,0.03926544784986431,0.03926544784986431,0.03926544784986431,0.03904498009298949,0.03926544784986431,0.03926544784986431,0.03926544784986431,0.03926544784986431,0.03926544784986431,0.03926544784986431,0.03926544784986431,0.03926544784986431,0.03904498009298949,0.03926544784986431,0.03926544784986431
52,-1.86079395927112,-1.86079395927112,-1.86079395927112,-1.86079395927112,-1.86079395927112,-1.86079395927112,-1.86079395927112,-1.86079395927112,-1.86079395927112,-1.86079395927112,-1.86079395927112,-1.8601618110036777,-1.86079395927112,-1.86079395927112,-1.86079395927112,-1.86079395927112,-1.86079395927112,-1.86079395927112,-1.86079395927112,-1.86079395927112,-1.8601618110036777,-1.86079395927112,-1.86079395927112,-1.86079395927112,-1.86079395927112,-1.86079395927112,-1.86079395927112,-1.86079395927112,-1.86079395927112,-1.8601618110036777,-1.86079395927112,-1.86079395927112
53,0.31725511511417204,0.31725511511417204,0.31725511511417204,0.31725511511417204,0.31725511511417204,0.31725511511417204,0.31725511511417204,0.31725511511417204,0.31725511511417204,0.31725511511417204,0.31725511511417204,0.3172057080147868,0.31725511511417204,0.31725511511417204,0.31725511511417204,0.31725511511417204,0.31725511511417204,0.31725511511417204,0.31725511511417204,0.31725511511417204,0.3172057080147868,0.31725511511417204,0.31725511511417204,0.31725511511417204,0.31725511511417204,0.31725511511417204,0.31725511511417204,0.31725511511417204,0.31725511511417204,0.3172057080147868,0.31725511511417204,0.31725511511417204
54,-0.1004290887879872,-0.1004290887879872,-0.1004290887879872,-0.1004290887879872,-0.1004290887879872,-0.1004290887879872,-0.1004290887879872,-0.1004290887879872,-0.1004290887879872,-0.1004290887879872,-0.1004290887879872,-0.101139484468954,-0.1004290887879872,-0.1004290887879872,-0.1004290887879872,-0.1004290887879872,-0.1004290887879872,-0.1004290887879872,-0.1004290887879872,-0.1004290887879872,-0.101139484468954,-0.1004290887879872,-0.1004290887879872,-0.1004290887879872,-0.1004290887879872,-0.1004290887879872,-0.1004290887879872,-0.1004290887879872,-0.1004290887879872,-0.101139484468954,-0.1004290887879872,-0.1004290887879872
55,-0.020392082518532584,-0.020392082518532584,-0.020392082518532584,-0.020392082518532584,-0.020392082518532584,-0.020392082518532584,-0.020392082518532584,-0.020392082518532584,-0.020392082518532584,-0.020392082518532584,-0.020392082518532584,-0.020996960357347782,-0.020392082518532584,-0.020392082518532584,-0.020392082518532584,-0.020392082518532584,-0.020392082518532584,-0.020392082518532584,-0.020392082518532584,-0.020392082518532584,-0.020996960357347782,-0.020392082518532584,-0.020392082518532584,-0.020392082518532584,-0.020392082518532584,-0.020392082518532584,-0.020392082518532584,-0.020392082518532584,-0.020392082518532584,-0.020996960357347782,-0.020392082518532584,-0.020392082518532584
56,0.039361704721196884,0.039361704721196884,0.039361704721196884,0.039361704721196884,0.039361704721196884,0.039361704721196884,0.039361704721196884,0.039361704721196884,0.039361704721196884,0.039361704721196884,0.039361704721196884,0.040750379004914045,0.039361704721196884,0.039361704721196884,0.039361704721196884,0.039361704721196884,0.039361704721196884,0.039361704721196884,0.039361704721196884,0.039361704721196884,0.040750379004914045,0.039361704721196884,0.039361704721196884,0.039361704721196884,0.039361704721196884,0.039361704721196884,0.039361704721196884,0.039361704721196884,0.039361704721196884,0.040750379004914045,0.039361704721196884,0.039361704721196884
57,0.025468514946626608,0.025468514946626608,0.025468514946626608,0.025468514946626608,0.025468514946626608,0.025468514946626608,0.025468514946626608,0.025468514946626608,0.025468514946626608,0.025468514946626608,0.025468514946626608,0.025349980119050753,0.025468514946626608,0.025468514946626608,0.025468514946626608,0.025468514946626608,0.025468514946626608,0.025468514946626608,0.025468514946626608,0.025468514946626608,0.025349980119050753,0.025468514946626608,0.025468514946626608,0.025468514946626608,0.025468514946626608,0.025468514946626608,0.025468514946626608,0.025468514946626608,0.025468514946626608,0.025349980119050753,0.025468514946626608,0.025468514946626608
58,0.09967587506904951,0.09967587506904951,0.09967587506904951,0.09967587506904951,0.09967587506904951,0.09967587506904951,0.09967587506904951,0.09967587506904951,0.09967587506904951,0.09967587506904951,0.09967587506904951,0.0994365645516849,0.09967587506904951,0.09967587506904951,0.09967587506904951,0.09967587506904951,0.09967587506904951,0.09967587506904951,0.09967587506904951,0.09967587506904951,0.0994365645516849,0.09967587506904951,0.09967587506904951,0.09967587506904951,0.09967587506904951,0.09967587506904951,0.09967587506904951,0.09967587506904951,0.09967587506904951,0.0994365645516849,0.09967587506904951,0.09967587506904951
59,0.04519915388525455,0.04519915388525455,0.04519915388525455,0.04519915388525455,0.04519915388525455,0.04519915388525455,0.04519915388525455,0.04519915388525455,0.04519915388525455,0.04519915388525455,0.04519915388525455,0.04523697894420426,0.04519915388525455,0.04519915388525455,0.04519915388525455,0.04519915388525455,0.04519915388525455,0.04519915388525455,0.04519915388525455,0.04519915388525455,0.04523697894420426,0.04519915388525455,0.04519915388525455,0.04519915388525455,0.04519915388525455,0.04519915388525455,0.04519915388525455,0.04519915388525455,0.04519915388525455,0.04523697894420426,0.04519915388525455,0.04519915388525455
60,0.2950986583387588,0.2950986583387588,0.2950986583387588,0.2950986583387588,0.2950986583387588,0.2950986583387588,0.2950986583387588,0.2950986583387588,0.2950986583387588,0.2950986583387588,0.2950986583387588,0.294822416854384,0.2950986583387588,0.2950986583387588,0.2950986583387588,0.2950986583387588,0.2950986583387588,0.2950986583387588,0.2950986583387588,0.2950986583387588,0.294822416854384,0.2950986583387588,0.2950986583387588,0.2950986583387588,0.2950986583387588,0.2950986583387588,0.2950986583387588,0.2950986583387588,0.2950986583387588,0.294822416854384,0.2950986583387588,0.2950986583387588
61,-0.15712947376725162,-0.15712947376725162,-0.15712947376725162,-0.15712947376725162,-0.15712947376725162,-0.15712947376725162,-0.15712947376725162,-0.15712947376725162,-0.15712947376725162,-0.15712947376725162,-0.15712947376725162,-0.15770076968350238,-0.15712947376725162,-0.15712947376725162,-0.15712947376725162,-0.15712947376725162,-0.15712947376725162,-0.15712947376725162,-0.15712947376725162,-0.15712947376725162,-0.15770076968350238,-0.15712947376725162,-0.15712947376725162,-0.15712947376725162,-0.15712947376725162,-0.15712947376725162,-0.15712947376725162,-0.15712947376725162,-0.15712947376725162,-0.15770076968350238,-0.15712947376725162,-0.15712947376725162
62,-0.15792408035957956,-0.15792408035957956,-0.15792408035957956,-0.15792408035957956,-0.15792408035957956,-0.15792408035957956,-0.15792408035957956,-0.15792408035957956,-0.15792408035957956,-0.15792408035957956,-0.15792408035957956,-0.15802551396773895,-0.15792408035957956,-0.15792408035957956,-0.15792408035957956,-0.15792408035957956,-0.15792408035957956,-0.15792408035957956,-0.15792408035957956,-0.15792408035957956,-0.15802551396773895,-0.15792408035957956,-0.15792408035957956,-0.15792408035957956,-0.15792408035957956,-0.15792408035957956,-0.15792408035957956,-0.15792408035957956,-0.15792408035957956,-0.15802551396773895,-0.15792408035957956,-0.15792408035957956
63,-1.3327407721633289,-1.3327407721633289,-1.3327407721633289,-1.3327407721633289,-1.3327407721633289,-1.3327407721633289,-1.3327407721633289,-1.3327407721633289,-1.3327407721633289,-1.3327407721633289,-1.3327407721633289,-1.3310760485041846,-1.3327407721633289,-1.3327407721633289,-1.3327407721633289,-1.3327407721633289,-1.3327407721633289,-1.3327407721633289,-1.3327407721633289,-1.3327407721633289,-1.3310760485041846,-1.3327407721633289,-1.3327407721633289,-1.3327407721633289,-1.3327407721633289,-1.3327407721633289,-1.3327407721633289,-1.3327407721633289,-1.3327407721633289,-1.3310760485041846,-1.3327407721633289,-1.3327407721633289
64,0.14210381205776487,0.14210381205776487,0.14210381205776487,0.14210381205776487,0.14210381205776487,0.14210381205776487,0.14210381205776487,0.14210381205776487,0.14210381205776487,0.14210381205776487,0.14210381205776487,0.14316251877261424,0.14210381205776487,0.14210381205776487,0.14210381205776487,0.14210381205776487,0.14210381205776487,0.14210381205776487,0.14210381205776487,0.14210381205776487,0.14316251877261424,0.14210381205776487,0.14210381205776487,0.14210381205776487,0.14210381205776487,0.14210381205776487,0.14210381205776487,0.14210381205776487,0.14210381205776487,0.14316251877261424,0.14210381205776487,0.14210381205776487
65,-0.0910485970889821,-0.0910485970889821,-0.0910485970889821,-0.0910485970889821,-0.0910485970889821,-0.0910485970889821,-0.0910485970889821,-0.0910485970889821,-0.0910485970889821,-0.0910485970889821,-0.0910485970889821,-0.09110503859869865,-0.0910485970889821,-0.0910485970889821,-0.0910485970889821,-0.0910485970889821,-0.0910485970889821,-0.0910485970889821,-0.0910485970889821,-0.0910485970889821,-0.09110503859869865,-0.0910485970889821,-0.0910485970889821,-0.0910485970889821,-0.0910485970889821,-0.0910485970889821,-0.0910485970889821,-0.0910485970889821,-0.0910485970889821,-0.09110503859869865,-0.0910485970889821,-0.0910485970889821
66,0.11823578928842166,0.11823578928842166,0.11823578928842166,0.11823578928842166,0.11823578928842166,0.11823578928842166,0.11823578928842166,0.11823578928842166,0.11823578928842166,0.11823578928842166,0.11823578928842166,0.1175668902339762,0.11823578928842166,0.11823578928842166,0.11823578928842166,0.11823578928842166,0.11823578928842166,0.11823578928842166,0.11823578928842166,0.11823578928842166,0.1175668902339762,0.11823578928842166,0.11823578928842166,0.11823578928842166,0.11823578928842166,0.11823578928842166,0.11823578928842166,0.11823578928842166,0.11823578928842166,0.1175668902339762,0.11823578928842166,0.11823578928842166
67,-0.2614106150761575,-0.2614106150761575,-0.2614106150761575,-0.2614106150761575,-0.2614106150761575,-0.2614106150761575,-0.2614106150761575,-0.2614106150761575,-0.2614106150761575,-0.2614106150761575,-0.2614106150761575,-0.2618100566389909,-0.2614106150761575,-0.2614106150761575,-0.2614106150761575,-0.2614106150761575,-0.2614106150761575,-0.2614106150761575,-0.2614106150761575,-0.2614106150761575,-0.2618100566389909,-0.2614106150761575,-0.2614106150761575,-0.2614106150761575,-0.2614106150761575,-0.2614106150761575,-0.2614106150761575,-0.2614106150761575,-0.2614106150761575,-0.2618100566389909,-0.2614106150761575,-0.2614106150761575
68,0.03029395172597196,0.03029395172597196,0.03029395172597196,0.03029395172597196,0.03029395172597196,0.03029395172597196,0.03029395172597196,0.03029395172597196,0.03029395172597196,0.03029395172597196,0.03029395172597196,0.02961192310271171,0.03029395172597196,0.03029395172597196,0.03029395172597196,0.03029395172597196,0.03029395172597196,0.03029395172597196,0.03029395172597196,0.03029395172597196,0.02961192310271171,0.03029395172597196,0.03029395172597196,0.03029395172597196,0.03029395172597196,0.03029395172597196,0.03029395172597196,0.03029395172597196,0.03029395172597196,0.02961192310271171,0.03029395172597196,0.03029395172597196
69,0.2162630180339391,0.2162630180339391,0.2162630180339391,0.2162630180339391,0.2162630180339391,0.2162630180339391,0.2162630180339391,0.2162630180339391,0.2162630180339391,0.2162630180339391,0.2162630180339391,0.21663166224738292,0.2162630180339391,0.2162630180339391,0.2162630180339391,0.2162630180339391,0.2162630180339391,0.2162630180339391,0.2162630180339391,0.2162630180339391,0.21663166224738292,0.2162630180339391,0.2162630180339391,0.2162630180339391,0.2162630180339391,0.2162630180339391,0.2162630180339391,0.2162630180339391,0.2162630180339391,0.21663166224738292,0.2162630180339391,0.2162630180339391
70,0.8958202582600698,0.8958202582600698,0.8958202582600698,0.8958202582600698,0.8958202582600698,0.8958202582600698,0.8958202582600698,0.8958202582600698,0.8958202582600698,0.8958202582600698,0.8958202582600698,0.8960313081344968,0.8958202582600698,0.8958202582600698,0.8958202582600698,0.8958202582600698,0.8958202582600698,0.8958202582600698,0.8958202582600698,0.8958202582600698,0.8960313081344968,0.8958202582600698,0.8958202582600698,0.8958202582600698,0.8958202582600698,0.8958202582600698,0.8958202582600698,0.8958202582600698,0.8958202582600698,0.8960313081344968,0.8958202582600698,0.8958202582600698
71,-0.0050066397361820305,-0.0050066397361820305,-0.0050066397361820305,-0.0050066397361820305,-0.0050066397361820305,-0.0050066397361820305,-0.0050066397361820305,-0.0050066397361820305,-0.0050066397361820305,-0.0050066397361820305,-0.0050066397361820305,-0.004438520571271631,-0.0050066397361820305,-0.0050066397361820305,-0.0050066397361820305,-0.0050066397361820305,-0.0050066397361820305,-0.0050066397361820305,-0.0050066397361820305,-0.0050066397361820305,-0.004438520571271631,-0.0050066397361820305,-0.0050066397361820305,-0.0050066397361820305,-0.0050066397361820305,-0.0050066397361820305,-0.0050066397361820305,-0.0050066397361820305,-0.0050066397361820305,-0.004438520571271631,-0.0050066397361820305,-0.0050066397361820305
72,-0.02402497219128323,-0.02402497219128323,-0.02402497219128323,-0.02402497219128323,-0.02402497219128323,-0.02402497219128323,-0.02402497219128323,-0.02402497219128323,-0.02402497219128323,-0.02402497219128323,-0.02402497219128323,-0.024657641545670315,-0.02402497219128323,-0.02402497219128323,-0.02402497219128323,-0.02402497219128323,-0.02402497219128323,-0.02402497219128323,-0.02402497219128323,-0.02402497219128323,-0.024657641545670315,-0.02402497219128323,-0.02402497219128323,-0.02402497219128323,-0.02402497219128323,-0.02402497219128323,-0.02402497219128323,-0.02402497219128323,-0.02402497219128323,-0.024657641545670315,-0.02402497219128323,-0.02402497219128323
73,0.23283152754651545,0.23283152754651545,0.23283152754651545,0.23283152754651545,0.23283152754651545,0.23283152754651545,0.23283152754651545,0.23283152754651545,0.23283152754651545,0.23283152754651545,0.23283152754651545,0.2316010019064852,0.23283152754651545,0.23283152754651545,0.23283152754651545,0.23283152754651545,0.23283152754651545,0.23283152754651545,0.23283152754651545,0.23283152754651545,0.2316010019064852,0.23283152754651545,0.23283152754651545,0.23283152754651545,0.23283152754651545,0.23283152754651545,0.23283152754651545,0.23283152754651545,0.23283152754651545,0.2316010019064852,0.23283152754651545,0.23283152754651545
74,-0.2163454958084256,-0.2163454958084256,-0.2163454958084256,-0.2163454958084256,-0.2163454958084256,-0.2163454958084256,-0.2163454958084256,-0.2163454958084256,-0.2163454958084256,-0.2163454958084256,-0.2163454958084256,-0.21614163751973695,-0.2163454958084256,-0.2163454958084256,-0.2163454958084256,-0.2163454958084256,-0.2163454958084256,-0.2163454958084256,-0.2163454958084256,-0.2163454958084256,-0.21614163751973695,-0.2163454958084256,-0.2163454958084256,-0.2163454958084256,-0.2163454958084256,-0.2163454958084256,-0.2163454958084256,-0.2163454958084256,-0.2163454958084256,-0.21614163751973695,-0.2163454958084256,-0.2163454958084256
75,0.2125738859171197,0.2125738859171197,0.2125738859171197,0.2125738859171197,0.2125738859171197,0.2125738859171197,0.2125738859171197,0.2125738859171197,0.2125738859171197,0.2125738859171197,0.2125738859171197,0.21211823648798112,0.2125738859171197,0.2125738859171197,0.2125738859171197,0.2125738859171197,0.2125738859171197,0.2125738859171197,0.2125738859171197,0.2125738859171197,0.21211823648798112,0.2125738859171197,0.2125738859171197,0.2125738859171197,0.2125738859171197,0.2125738859171197,0.2125738859171197,0.2125738859171197,0.2125738859171197,0.21211823648798112,0.2125738859171197,0.2125738859171197
76,0.4009417700364068,0.4009417700364068,0.4009417700364068,0.4009417700364068,0.4009417700364068,0.4009417700364068,0.4009417700364068,0.4009417700364068,0.4009417700364068,0.4009417700364068,0.4009417700364068,0.4005147223229638,0.4009417700364068,0.4009417700364068,0.4009417700364068,0.4009417700364068,0.4009417700364068,0.4009417700364068,0.4009417700364068,0.4009417700364068,0.4005147223229638,0.4009417700364068,0.4009417700364068,0.4009417700364068,0.4009417700364068,0.4009417700364068,0.4009417700364068,0.4009417700364068,0.4009417700364068,0.4005147223229638,0.4009417700364068,0.4009417700364068
77,-0.11986436540325611,-0.11986436540325611,-0.11986436540325611,-0.11986436540325611,-0.11986436540325611,-0.11986436540325611,-0.11986436540325611,-0.11986436540325611,-0.11986436540325611,-0.11986436540325611,-0.11986436540325611,-0.1203930952432643,-0.11986436540325611,-0.11986436540325611,-0.11986436540325611,-0.11986436540325611,-0.11986436540325611,-0.11986436540325611,-0.11986436540325611,-0.11986436540325611,-0.1203930952432643,-0.11986436540325611,-0.11986436540325611,-0.11986436540325611,-0.11986436540325611,-0.11986436540325611,-0.11986436540325611,-0.11986436540325611,-0.11986436540325611,-0.1203930952432643,-0.11986436540325611,-0.11986436540325611
78,0.07308986823191162,0.07308986823191162,0.07308986823191162,0.07308986823191162,0.07308986823191162,0.07308986823191162,0.07308986823191162,0.07308986823191162,0.07308986823191162,0.07308986823191162,0.07308986823191162,0.07290156499425103,0.07308986823191162,0.07308986823191162,0.07308986823191162,0.07308986823191162,0.07308986823191162,0.07308986823191162,0.07308986823191162,0.07308986823191162,0.07290156499425103,0.07308986823191162,0.07308986823191162,0.07308986823191162,0.07308986823191162,0.07308986823191162,0.07308986823191162,0.07308986823191162,0.07308986823191162,0.07290156499425103,0.07308986823191162,0.07308986823191162
79,0.07560607430651987,0.07560607430651987,0.07560607430651987,0.07560607430651987,0.07560607430651987,0.07560607430651987,0.07560607430651987,0.07560607430651987,0.07560607430651987,0.07560607430651987,0.07560607430651987,0.07571509823508893,0.07560607430651987,0.07560607430651987,0.07560607430651987,0.07560607430651987,0.07560607430651987,0.07560607430651987,0.07560607430651987,0.07560607430651987,0.07571509823508893,0.07560607430651987,0.07560607430651987,0.07560607430651987,0.07560607430651987,0.07560607430651987,0.07560607430651987,0.07560607430651987,0.07560607430651987,0.07571509823508893,0.07560607430651987,0.07560607430651987
80,0.10851145741294933,0.10851145741294933,0.10851145741294933,0.10851145741294933,0.10851145741294933,0.10851145741294933,0.10851145741294933,0.10851145741294933,0.10851145741294933,0.10851145741294933,0.10851145741294933,0.10919610508355061,0.10851145741294933,0.10851145741294933,0.10851145741294933,0.10851145741294933,0.10851145741294933,0.10851145741294933,0.10851145741294933,0.10851145741294933,0.10919610508355061,0.10851145741294933,0.10851145741294933,0.10851145741294933,0.10851145741294933,0.10851145741294933,0.10851145741294933,0.10851145741294933,0.10851145741294933,0.10919610508355061,0.10851145741294933,0.10851145741294933
81,-0.08462525039763658,-0.08462525039763658,-0.08462525039763658,-0.08462525039763658,-0.08462525039763658,-0.08462525039763658,-0.08462525039763658,-0.08462525039763658,-0.08462525039763658,-0.08462525039763658,-0.08462525039763658,-0.08259325073209588,-0.08462525039763658,-0.08462525039763658,-0.08462525039763658,-0.08462525039763658,-0.08462525039763658,-0.08462525039763658,-0.08462525039763658,-0.08462525039763658,-0.08259325073209588,-0.08462525039763658,-0.08462525039763658,-0.08462525039763658,-0.08462525039763658,-0.08462525039763658,-0.08462525039763658,-0.08462525039763658,-0.08462525039763658,-0.08259325073209588,-0.08462525039763658,-0.08462525039763658
82,-0.01617652047845808,-0.01617652047845808,-0.01617652047845808,-0.01617652047845808,-0.01617652047845808,-0.01617652047845808,-0.01617652047845808,-0.01617652047845808,-0.01617652047845808,-0.01617652047845808,-0.01617652047845808,-0.016926665904912454,-0.01617652047845808,-0.01617652047845808,-0.01617652047845808,-0.01617652047845808,-0.01617652047845808,-0.01617652047845808,-0.01617652047845808,-0.01617652047845808,-0.016926665904912454,-0.01617652047845808,-0.01617652047845808,-0.01617652047845808,-0.01617652047845808,-0.01617652047845808,-0.01617652047845808,-0.01617652047845808,-0.01617652047845808,-0.016926665904912454,-0.01617652047845808,-0.01617652047845808
83,0.17955766662075787,0.17955766662075787,0.17955766662075787,0.17955766662075787,0.17955766662075787,0.17955766662075787,0.17955766662075787,0.17955766662075787,0.17955766662075787,0.17955766662075787,0.17955766662075787,0.17933535823769509,0.17955766662075787,0.17955766662075787,0.17955766662075787,0.17955766662075787,0.17955766662075787,0.17955766662075787,0.17955766662075787,0.17955766662075787,0.17933535823769509,0.17955766662075787,0.17955766662075787,0.17955766662075787,0.17955766662075787,0.17955766662075787,0.17955766662075787,0.17955766662075787,0.17955766662075787,0.17933535823769509,0.17955766662075787,0.17955766662075787
84,-0.5205649825911475,-0.5205649825911475,-0.5205649825911475,-0.5205649825911475,-0.5205649825911475,-0.5205649825911475,-0.5205649825911475,-0.5205649825911475,-0.5205649825911475,-0.5205649825911475,-0.5205649825911475,-0.520576424639433,-0.5205649825911475,-0.5205649825911475,-0.5205649825911475,-0.5205649825911475,-0.5205649825911475,-0.5205649825911475,-0.5205649825911475,-0.5205649825911475,-0.520576424639433,-0.5205649825911475,-0.5205649825911475,-0.5205649825911475,-0.5205649825911475,-0.5205649825911475,-0.5205649825911475,-0.5205649825911475,-0.5205649825911475,-0.520576424639433,-0.5205649825911475,-0.5205649825911475
85,-0.0002879949320221668,-0.0002879949320221668,-0.0002879949320221668,-0.0002879949320221668,-0.0002879949320221668,-0.0002879949320221668,-0.0002879949320221668,-0.0002879949320221668,-0.0002879949320221668,-0.0002879949320221668,-0.0002879949320221668,0.0016924541172945032,-0.0002879949320221668,-0.0002879949320221668,-0.0002879949320221668,-0.0002879949320221668,-0.0002879949320221668,-0.0002879949320221668,-0.0002879949320221668,-0.0002879949320221668,0.0016924541172945032,-0.0002879949320221668,-0.0002879949320221668,-0.0002879949320221668,-0.0002879949320221668,-0.0002879949320221668,-0.0002879949320221668,-0.0002879949320221668,-0.0002879949320221668,0.0016924541172945032,-0.0002879949320221668,-0.0002879949320221668
86,0.11890518854176974,0.11890518854176974,0.11890518854176974,0.11890518854176974,0.11890518854176974,0.11890518854176974,0.11890518854176974,0.11890518854176974,0.11890518854176974,0.11890518854176974,0.11890518854176974,0.11802331048594646,0.11890518854176974,0.11890518854176974,0.11890518854176974,0.11890518854176974,0.11890518854176974,0.11890518854176974,0.11890518854176974,0.11890518854176974,0.11802331048594646,0.11890518854176974,0.11890518854176974,0.11890518854176974,0.11890518854176974,0.11890518854176974,0.11890518854176974,0.11890518854176974,0.11890518854176974,0.11802331048594646,0.11890518854176974,0.11890518854176974
87,-0.17436611392380053,-0.17436611392380053,-0.17436611392380053,-0.17436611392380053,-0.17436611392380053,-0.17436611392380053,-0.17436611392380053,-0.17436611392380053,-0.17436611392380053,-0.17436611392380053,-0.17436611392380053,-0.1760638690183218,-0.17436611392380053,-0.17436611392380053,-0.17436611392380053,-0.17436611392380053,-0.17436611392380053,-0.17436611392380053,-0.17436611392380053,-0.17436611392380053,-0.1760638690183218,-0.17436611392380053,-0.17436611392380053,-0.17436611392380053,-0.17436611392380053,-0.17436611392380053,-0.17436611392380053,-0.17436611392380053,-0.17436611392380053,-0.1760638690183218,-0.17436611392380053,-0.17436611392380053
88,0.0035923284404846233,0.0035923284404846233,0.0035923284404846233,0.0035923284404846233,0.0035923284404846233,0.0035923284404846233,0.0035923284404846233,0.0035923284404846233,0.0035923284404846233,0.0035923284404846233,0.0035923284404846233,0.0038151616751008147,0.0035923284404846233,0.0035923284404846233,0.0035923284404846233,0.0035923284404846233,0.0035923284404846233,0.0035923284404846233,0.0035923284404846233,0.0035923284404846233,0.0038151616751008147,0.0035923284404846233,0.0035923284404846233,0.0035923284404846233,0.0035923284404846233,0.0035923284404846233,0.0035923284404846233,0.0035923284404846233,0.0035923284404846233,0.0038151616751008147,0.0035923284404846233,0.0035923284404846233
89,0.25697764279709573,0.25697764279709573,0.25697764279709573,0.25697764279709573,0.25697764279709573,0.25697764279709573,0.25697764279709573,0.25697764279709573,0.25697764279709573,0.25697764279709573,0.25697764279709573,0.258397186455937,0.25697764279709573,0.25697764279709573,0.25697764279709573,0.25697764279709573,0.25697764279709573,0.25697764279709573,0.25697764279709573,0.25697764279709573,0.258397186455937,0.25697764279709573,0.25697764279709573,0.25697764279709573,0.25697764279709573,0.25697764279709573,0.25697764279709573,0.25697764279709573,0.25697764279709573,0.258397186455937,0.25697764279709573,0.25697764279709573
90,-0.23013049616791234,-0.23013049616791234,-0.23013049616791234,-0.23013049616791234,-0.23013049616791234,-0.23013049616791234,-0.23013049616791234,-0.23013049616791234,-0.23013049616791234,-0.23013049616791234,-0.23013049616791234,-0.23055074793975855,-0.23013049616791234,-0.23013049616791234,-0.23013049616791234,-0.23013049616791234,-0.23013049616791234,-0.23013049616791234,-0.23013049616791234,-0.23013049616791234,-0.23055074793975855,-0.23013049616791234,-0.23013049616791234,-0.23013049616791234,-0.23013049616791234,-0.23013049616791234,-0.23013049616791234,-0.23013049616791234,-0.23013049616791234,-0.23055074793975855,-0.23013049616791234,-0.23013049616791234
91,-0.09951034180522766,-0.09951034180522766,-0.09951034180522766,-0.09951034180522766,-0.09951034180522766,-0.09951034180522766,-0.09951034180522766,-0.09951034180522766,-0.09951034180522766,-0.09951034180522766,-0.09951034180522766,-0.09865240282994582,-0.09951034180522766,-0.09951034180522766,-0.09951034180522766,-0.09951034180522766,-0.09951034180522766,-0.09951034180522766,-0.09951034180522766,-0.09951034180522766,-0.09865240282994582,-0.09951034180522766,-0.09951034180522766,-0.09951034180522766,-0.09951034180522766,-0.09951034180522766,-0.09951034180522766,-0.09951034180522766,-0.09951034180522766,-0.09865240282994582,-0.09951034180522766,-0.09951034180522766
92,-0.05232664248358918,-0.05232664248358918,-0.05232664248358918,-0.05232664248358918,-0.05232664248358918,-0.05232664248358918,-0.05232664248358918,-0.05232664248358918,-0.05232664248358918,-0.05232664248358918,-0.05232664248358918,-0.0523213923824305,-0.05232664248358918,-0.05232664248358918,-0.05232664248358918,-0.05232664248358918,-0.05232664248358918,-0.05232664248358918,-0.05232664248358918,-0.05232664248358918,-0.0523213923824305,-0.05232664248358918,-0.05232664248358918,-0.05232664248358918,-0.05232664248358918,-0.05232664248358918,-0.05232664248358918,-0.05232664248358918,-0.05232664248358918,-0.0523213923824305,-0.05232664248358918,-0.05232664248358918
93,-0.1335657474711611,-0.1335657474711611,-0.1335657474711611,-0.1335657474711611,-0.1335657474711611,-0.1335657474711611,-0.1335657474711611,-0.1335657474711611,-0.1335657474711611,-0.1335657474711611,-0.1335657474711611,-0.13423479560230123,-0.1335657474711611,-0.1335657474711611,-0.1335657474711611,-0.1335657474711611,-0.1335657474711611,-0.1335657474711611,-0.1335657474711611,-0.1335657474711611,-0.13423479560230123,-0.1335657474711611,-0.1335657474711611,-0.1335657474711611,-0.1335657474711611,-0.1335657474711611,-0.1335657474711611,-0.1335657474711611,-0.1335657474711611,-0.13423479560230123,-0.1335657474711611,-0.1335657474711611
94,0.3758192948221378,0.3758192948221378,0.3758192948221378,0.3758192948221378,0.3758192948221378,0.3758192948221378,0.3758192948221378,0.3758192948221378,0.3758192948221378,0.3758192948221378,0.3758192948221378,0.6228258509000364,0.3758192948221378,0.3758192948221378,0.3758192948221378,0.3758192948221378,0.3758192948221378,0.3758192948221378,0.3758192948221378,0.3758192948221378,0.6228258509000364,0.3758192948221378,0.3758192948221378,0.3758192948221378,0.3758192948221378,0.3758192948221378,0.3758192948221378,0.3758192948221378,0.3758192948221378,0.6228258509000364,0.3758192948221378,0.3758192948221378
95,-0.27613280438317966,-0.27613280438317966,-0.27613280438317966,-0.27613280438317966,-0.27613280438317966,-0.27613280438317966,-0.27613280438317966,-0.27613280438317966,-0.27613280438317966,-0.27613280438317966,-0.27613280438317966,-0.2763408577627388,-0.27613280438317966,-0.27613280438317966,-0.27613280438317966,-0.27613280438317966,-0.27613280438317966,-0.27613280438317966,-0.27613280438317966,-0.27613280438317966,-0.2763408577627388,-0.27613280438317966,-0.27613280438317966,-0.27613280438317966,-0.27613280438317966,-0.27613280438317966,-0.27613280438317966,-0.27613280438317966,-0.27613280438317966,-0.2763408577627388,-0.27613280438317966,-0.27613280438317966
96,0.37652125971039163,0.37652125971039163,0.37652125971039163,0.37652125971039163,0.37652125971039163,0.37652125971039163,0.37652125971039163,0.37652125971039163,0.37652125971039163,0.37652125971039163,0.37652125971039163,0.34809776424601085,0.37652125971039163,0.37652125971039163,0.37652125971039163,0.37652125971039163,0.37652125971039163,0.37652125971039163,0.37652125971039163,0.37652125971039163,0.34809776424601085,0.37652125971039163,0.37652125971039163,0.37652125971039163,0.37652125971039163,0.37652125971039163,0.37652125971039163,0.37652125971039163,0.37652125971039163,0.34809776424601085,0.37652125971039163,0.37652125971039163
97,-0.8012594879520579,-0.8012594879520579,-0.8012594879520579,-0.8012594879520579,-0.8012594879520579,-0.8012594879520579,-0.8012594879520579,-0.8012594879520579,-0.8012594879520579,-0.8012594879520579,-0.8012594879520579,-0.8027312395242383,-0.8012594879520579,-0.8012594879520579,-0.8012594879520579,-0.8012594879520579,-0.8012594879520579,-0.8012594879520579,-0.8012594879520579,-0.8012594879520579,-0.8027312395242383,-0.8012594879520579,-0.8012594879520579,-0.8012594879520579,-0.8012594879520579,-0.8012594879520579,-0.8012594879520579,-0.8012594879520579,-0.8012594879520579,-0.8027312395242383,-0.8012594879520579,-0.8012594879520579
98,-0.2983981142132144,-0.2983981142132144,-0.2983981142132144,-0.2983981142132144,-0.2983981142132144,-0.2983981142132144,-0.2983981142132144,-0.2983981142132144,-0.2983981142132144,-0.2983981142132144,-0.2983981142132144,-0.2961456969363758,-0.2983981142132144,-0.2983981142132144,-0.2983981142132144,-0.2983981142132144,-0.2983981142132144,-0.2983981142132144,-0.2983981142132144,-0.2983981142132144,-0.2961456969363758,-0.2983981142132144,-0.2983981142132144,-0.2983981142132144,-0.2983981142132144,-0.2983981142132144,-0.2983981142132144,-0.2983981142132144,-0.2983981142132144,-0.2961456969363758,-0.2983981142132144,-0.2983981142132144
99,0.06587800319680229,0.06587800319680229,0.06587800319680229,0.06587800319680229,0.06587800319680229,0.06587800319680229,0.06587800319680229,0.06587800319680229,0.06587800319680229,0.06587800319680229,0.06587800319680229,0.05958997016949256,0.06587800319680229,0.06587800319680229,0.06587800319680229,0.06587800319680229,0.06587800319680229,0.06587800319680229,0.06587800319680229,0.06587800319680229,0.05958997016949256,0.06587800319680229,0.06587800319680229,0.06587800319680229,0.06587800319680229,0.06587800319680229,0.06587800319680229,0.06587800319680229,0.06587800319680229,0.05958997016949256,0.06587800319680229,0.06587800319680229
100,-0.5339915681467835,-0.5339915681467835,-0.5339915681467835,-0.5339915681467835,-0.5339915681467835,-0.5339915681467835,-0.5339915681467835,-0.5339915681467835,-0.5339915681467835,-0.5339915681467835,-0.5339915681467835,-0.5348780793711243,-0.5339915681467835,-0.5339915681467835,-0.5339915681467835,-0.5339915681467835,-0.5339915681467835,-0.5339915681467835,-0.5339915681467835,-0.5339915681467835,-0.5348780793711243,-0.5339915681467835,-0.5339915681467835,-0.5339915681467835,-0.5339915681467835,-0.5339915681467835,-0.5339915681467835,-0.5339915681467835,-0.5339915681467835,-0.5348780793711243,-0.5339915681467835,-0.5339915681467835
101,0.19202480483233855,0.19202480483233855,0.19202480483233855,0.19202480483233855,0.19202480483233855,0.19202480483233855,0.19202480483233855,0.19202480483233855,0.19202480483233855,0.19202480483233855,0.19202480483233855,0.18421169004692245,0.19202480483233855,0.19202480483233855,0.19202480483233855,0.19202480483233855,0.19202480483233855,0.19202480483233855,0.19202480483233855,0.19202480483233855,0.18421169004692245,0.19202480483233855,0.19202480483233855,0.19202480483233855,0.19202480483233855,0.19202480483233855,0.19202480483233855,0.19202480483233855,0.19202480483233855,0.18421169004692245,0.19202480483233855,0.19202480483233855
102,0.027516165048815957,0.027516165048815957,0.027516165048815957,0.027516165048815957,0.027516165048815957,0.027516165048815957,0.027516165048815957,0.027516165048815957,0.027516165048815957,0.027516165048815957,0.027516165048815957,0.028971277089192435,0.027516165048815957,0.027516165048815957,0.027516165048815957,0.027516165048815957,0.027516165048815957,0.027516165048815957,0.027516165048815957,0.027516165048815957,0.028971277089192435,0.027516165048815957,0.027516165048815957,0.027516165048815957,0.027516165048815957,0.027516165048815957,0.027516165048815957,0.027516165048815957,0.027516165048815957,0.028971277089192435,0.027516165048815957,0.027516165048815957
103,0.2175604088145291,0.2175604088145291,0.2175604088145291,0.2175604088145291,0.2175604088145291,0.2175604088145291,0.2175604088145291,0.2175604088145291,0.2175604088145291,0.2175604088145291,0.2175604088145291,0.21398508052348125,0.2175604088145291,0.2175604088145291,0.2175604088145291,0.2175604088145291,0.2175604088145291,0.2175604088145291,0.2175604088145291,0.2175604088145291,0.21398508052348125,0.2175604088145291,0.2175604088145291,0.2175604088145291,0.2175604088145291,0.2175604088145291,0.2175604088145291,0.2175604088145291,0.2175604088145291,0.21398508052348125,0.2175604088145291,0.2175604088145291
104,0.18668560004246115,0.18668560004246115,0.18668560004246115,0.18668560004246115,0.18668560004246115,0.18668560004246115,0.18668560004246115,0.18668560004246115,0.18668560004246115,0.18668560004246115,0.18668560004246115,0.18286714791071132,0.18668560004246115,0.18668560004246115,0.18668560004246115,0.18668560004246115,0.18668560004246115,0.18668560004246115,0.18668560004246115,0.18668560004246115,0.18286714791071132,0.18668560004246115,0.18668560004246115,0.18668560004246115,0.18668560004246115,0.18668560004246115,0.18668560004246115,0.18668560004246115,0.18668560004246115,0.18286714791071132,0.18668560004246115,0.18668560004246115
105,0.07803874301070729,0.07803874301070729,0.07803874301070729,0.07803874301070729,0.07803874301070729,0.07803874301070729,0.07803874301070729,0.07803874301070729,0.07803874301070729,0.07803874301070729,0.07803874301070729,0.07824787635682574,0.07803874301070729,0.07803874301070729,0.07803874301070729,0.07803874301070729,0.07803874301070729,0.07803874301070729,0.07803874301070729,0.07803874301070729,0.07824787635682574,0.07803874301070729,0.07803874301070729,0.07803874301070729,0.07803874301070729,0.07803874301070729,0.07803874301070729,0.07803874301070729,0.07803874301070729,0.07824787635682574,0.07803874301070729,0.07803874301070729
106,-0.07693651184319387,-0.07693651184319387,-0.07693651184319387,-0.07693651184319387,-0.07693651184319387,-0.07693651184319387,-0.07693651184319387,-0.07693651184319387,-0.07693651184319387,-0.07693651184319387,-0.07693651184319387,-0.07701464461614324,-0.07693651184319387,-0.07693651184319387,-0.07693651184319387,-0.07693651184319387,-0.07693651184319387,-0.07693651184319387,-0.07693651184319387,-0.07693651184319387,-0.07701464461614324,-0.07693651184319387,-0.07693651184319387,-0.07693651184319387,-0.07693651184319387,-0.07693651184319387,-0.07693651184319387,-0.07693651184319387,-0.07693651184319387,-0.07701464461614324,-0.07693651184319387,-0.07693651184319387
107,0.014669327038295963,0.014669327038295963,0.014669327038295963,0.014669327038295963,0.014669327038295963,0.014669327038295963,0.014669327038295963,0.014669327038295963,0.014669327038295963,0.014669327038295963,0.014669327038295963,0.01216574424156252,0.014669327038295963,0.014669327038295963,0.014669327038295963,0.014669327038295963,0.014669327038295963,0.014669327038295963,0.014669327038295963,0.014669327038295963,0.01216574424156252,0.014669327038295963,0.014669327038295963,0.014669327038295963,0.014669327038295963,0.014669327038295963,0.014669327038295963,0.014669327038295963,0.014669327038295963,0.01216574424156252,0.014669327038295963,0.014669327038295963
108,0.07342397171096111,0.07342397171096111,0.07342397171096111,0.07342397171096111,0.07342397171096111,0.07342397171096111,0.07342397171096111,0.07342397171096111,0.07342397171096111,0.07342397171096111,0.07342397171096111,0.06278672707550233,0.07342397171096111,0.07342397171096111,0.07342397171096111,0.07342397171096111,0.07342397171096111,0.07342397171096111,0.07342397171096111,0.07342397171096111,0.06278672707550233,0.07342397171096111,0.07342397171096111,0.07342397171096111,0.07342397171096111,0.07342397171096111,0.07342397171096111,0.07342397171096111,0.07342397171096111,0.06278672707550233,0.07342397171096111,0.07342397171096111
109,0.00841231840669493,0.00841231840669493,0.00841231840669493,0.00841231840669493,0.00841231840669493,0.00841231840669493,0.00841231840669493,0.00841231840669493,0.00841231840669493,0.00841231840669493,0.00841231840669493,0.010254783460226544,0.00841231840669493,0.00841231840669493,0.00841231840669493,0.00841231840669493,0.00841231840669493,0.00841231840669493,0.00841231840669493,0.00841231840669493,0.010254783460226544,0.00841231840669493,0.00841231840669493,0.00841231840669493,0.00841231840669493,0.00841231840669493,0.00841231840669493,0.00841231840669493,0.00841231840669493,0.010254783460226544,0.00841231840669493,0.00841231840669493
110,0.1848529774965875,0.1848529774965875,0.1848529774965875,0.1848529774965875,0.1848529774965875,0.1848529774965875,0.1848529774965875,0.1848529774965875,0.1848529774965875,0.1848529774965875,0.1848529774965875,0.18463145446265247,0.1848529774965875,0.1848529774965875,0.1848529774965875,0.1848529774965875,0.1848529774965875,0.1848529774965875,0.1848529774965875,0.1848529774965875,0.18463145446265247,0.1848529774965875,0.1848529774965875,0.1848529774965875,0.1848529774965875,0.1848529774965875,0.1848529774965875,0.1848529774965875,0.1848529774965875,0.18463145446265247,0.1848529774965875,0.1848529774965875
111,0.5966954640942961,0.5966954640942961,0.5966954640942961,0.5966954640942961,0.5966954640942961,0.5966954640942961,0.5966954640942961,0.5966954640942961,0.5966954640942961,0.5966954640942961,0.5966954640942961,0.594576657408066,0.5966954640942961,0.5966954640942961,0.5966954640942961,0.5966954640942961,0.5966954640942961,0.5966954640942961,0.5966954640942961,0.5966954640942961,0.594576657408066,0.5966954640942961,0.5966954640942961,0.5966954640942961,0.5966954640942961,0.5966954640942961,0.5966954640942961,0.5966954640942961,0.5966954640942961,0.594576657408066,0.5966954640942961,0.5966954640942961
112,-0.05850143955301899,-0.05850143955301899,-0.05850143955301899,-0.05850143955301899,-0.05850143955301899,-0.05850143955301899,-0.05850143955301899,-0.05850143955301899,-0.05850143955301899,-0.05850143955301899,-0.05850143955301899,-0.058776458492401706,-0.05850143955301899,-0.05850143955301899,-0.05850143955301899,-0.05850143955301899,-0.05850143955301899,-0.05850143955301899,-0.05850143955301899,-0.05850143955301899,-0.058776458492401706,-0.05850143955301899,-0.05850143955301899,-0.05850143955301899,-0.05850143955301899,-0.05850143955301899,-0.05850143955301899,-0.05850143955301899,-0.05850143955301899,-0.058776458492401706,-0.05850143955301899,-0.05850143955301899
113,-0.39255936579999706,-0.39255936579999706,-0.39255936579999706,-0.39255936579999706,-0.39255936579999706,-0.39255936579999706,-0.39255936579999706,-0.39255936579999706,-0.39255936579999706,-0.39255936579999706,-0.39255936579999706,-0.39440535980946456,-0.39255936579999706,-0.39255936579999706,-0.39255936579999706,-0.39255936579999706,-0.39255936579999706,-0.39255936579999706,-0.39255936579999706,-0.39255936579999706,-0.39440535980946456,-0.39255936579999706,-0.39255936579999706,-0.39255936579999706,-0.39255936579999706,-0.39255936579999706,-0.39255936579999706,-0.39255936579999706,-0.39255936579999706,-0.39440535980946456,-0.39255936579999706,-0.39255936579999706
114,0.5000338718123347,0.5000338718123347,0.5000338718123347,0.5000338718123347,0.5000338718123347,0.5000338718123347,0.5000338718123347,0.5000338718123347,0.5000338718123347,0.5000338718123347,0.5000338718123347,0.4994180570010778,0.5000338718123347,0.5000338718123347,0.5000338718123347,0.5000338718123347,0.5000338718123347,0.5000338718123347,0.5000338718123347,0.5000338718123347,0.4994180570010778,0.5000338718123347,0.5000338718123347,0.5000338718123347,0.5000338718123347,0.5000338718123347,0.5000338718123347,0.5000338718123347,0.5000338718123347,0.4994180570010778,0.5000338718123347,0.5000338718123347
115,0.04877213296063646,0.04877213296063646,0.04877213296063646,0.04877213296063646,0.04877213296063646,0.04877213296063646,0.04877213296063646,0.04877213296063646,0.04877213296063646,0.04877213296063646,0.04877213296063646,0.05512928170223895,0.04877213296063646,0.04877213296063646,0.04877213296063646,0.04877213296063646,0.04877213296063646,0.04877213296063646,0.04877213296063646,0.04877213296063646,0.05512928170223895,0.04877213296063646,0.04877213296063646,0.04877213296063646,0.04877213296063646,0.04877213296063646,0.04877213296063646,0.04877213296063646,0.04877213296063646,0.05512928170223895,0.04877213296063646,0.04877213296063646
116,-1.2526457401960402,-1.2526457401960402,-1.2526457401960402,-1.2526457401960402,-1.2526457401960402,-1.2526457401960402,-1.2526457401960402,-1.2526457401960402,-1.2526457401960402,-1.2526457401960402,-1.2526457401960402,-1.2656938758177263,-1.2526457401960402,-1.2526457401960402,-1.2526457401960402,-1.2526457401960402,-1.2526457401960402,-1.2526457401960402,-1.2526457401960402,-1.2526457401960402,-1.2656938758177263,-1.2526457401960402,-1.2526457401960402,-1.2526457401960402,-1.2526457401960402,-1.2526457401960402,-1.2526457401960402,-1.2526457401960402,-1.2526457401960402,-1.2656938758177263,-1.2526457401960402,-1.2526457401960402
117,0.49782521739858265,0.49782521739858265,0.49782521739858265,0.49782521739858265,0.49782521739858265,0.49782521739858265,0.49782521739858265,0.49782521739858265,0.49782521739858265,0.49782521739858265,0.49782521739858265,0.49601029277676817,0.49782521739858265,0.49782521739858265,0.49782521739858265,0.49782521739858265,0.49782521739858265,0.49782521739858265,0.49782521739858265,0.49782521739858265,0.49601029277676817,0.49782521739858265,0.49782521739858265,0.49782521739858265,0.49782521739858265,0.49782521739858265,0.49782521739858265,0.49782521739858265,0.49782521739858265,0.49601029277676817,0.49782521739858265,0.49782521739858265
118,-0.09460634983216397,-0.09460634983216397,-0.09460634983216397,-0.09460634983216397,-0.09460634983216397,-0.09460634983216397,-0.09460634983216397,-0.09460634983216397,-0.09460634983216397,-0.09460634983216397,-0.09460634983216397,-0.09651840424096883,-0.09460634983216397,-0.09460634983216397,-0.09460634983216397,-0.09460634983216397,-0.09460634983216397,-0.09460634983216397,-0.09460634983216397,-0.09460634983216397,-0.09651840424096883,-0.09460634983216397,-0.09460634983216397,-0.09460634983216397,-0.09460634983216397,-0.09460634983216397,-0.09460634983216397,-0.09460634983216397,-0.09460634983216397,-0.09651840424096883,-0.09460634983216397,-0.09460634983216397
119,0.09345454060639266,0.09345454060639266,0.09345454060639266,0.09345454060639266,0.09345454060639266,0.09345454060639266,0.09345454060639266,0.09345454060639266,0.09345454060639266,0.09345454060639266,0.09345454060639266,0.08972080728518739,0.09345454060639266,0.09345454060639266,0.09345454060639266,0.09345454060639266,0.09345454060639266,0.09345454060639266,0.09345454060639266,0.09345454060639266,0.08972080728518739,0.09345454060639266,0.09345454060639266,0.09345454060639266,0.09345454060639266,0.09345454060639266,0.09345454060639266,0.09345454060639266,0.09345454060639266,0.08972080728518739,0.09345454060639266,0.09345454060639266
120,-0.09456057375159316,-0.09456057375159316,-0.09456057375159316,-0.09456057375159316,-0.09456057375159316,-0.09456057375159316,-0.09456057375159316,-0.09456057375159316,-0.09456057375159316,-0.09456057375159316,-0.09456057375159316,-0.09034013173079633,-0.09456057375159316,-0.09456057375159316,-0.09456057375159316,-0.09456057375159316,-0.09456057375159316,-0.09456057375159316,-0.09456057375159316,-0.09456057375159316,-0.09034013173079633,-0.09456057375159316,-0.09456057375159316,-0.09456057375159316,-0.09456057375159316,-0.09456057375159316,-0.09456057375159316,-0.09456057375159316,-0.09456057375159316,-0.09034013173079633,-0.09456057375159316,-0.09456057375159316
121,0.3623719194087077,0.3623719194087077,0.3623719194087077,0.3623719194087077,0.3623719194087077,0.3623719194087077,0.3623719194087077,0.3623719194087077,0.3623719194087077,0.3623719194087077,0.3623719194087077,0.3568243067953552,0.3623719194087077,0.3623719194087077,0.3623719194087077,0.3623719194087077,0.3623719194087077,0.3623719194087077,0.3623719194087077,0.3623719194087077,0.3568243067953552,0.3623719194087077,0.3623719194087077,0.3623719194087077,0.3623719194087077,0.3623719194087077,0.3623719194087077,0.3623719194087077,0.3623719194087077,0.3568243067953552,0.3623719194087077,0.3623719194087077
122,0.10325673550166747,0.10325673550166747,0.10325673550166747,0.10325673550166747,0.10325673550166747,0.10325673550166747,0.10325673550166747,0.10325673550166747,0.10325673550166747,0.10325673550166747,0.10325673550166747,0.10899730962216492,0.10325673550166747,0.10325673550166747,0.10325673550166747,0.10325673550166747,0.10325673550166747,0.10325673550166747,0.10325673550166747,0.10325673550166747,0.10899730962216492,0.10325673550166747,0.10325673550166747,0.10325673550166747,0.10325673550166747,0.10325673550166747,0.10325673550166747,0.10325673550166747,0.10325673550166747,0.10899730962216492,0.10325673550166747,0.10325673550166747
123,0.20553724854210476,0.20553724854210476,0.20553724854210476,0.20553724854210476,0.20553724854210476,0.20553724854210476,0.20553724854210476,0.20553724854210476,0.20553724854210476,0.20553724854210476,0.20553724854210476,-0.2475720752429668,0.20553724854210476,0.20553724854210476,0.20553724854210476,0.20553724854210476,0.20553724854210476,0.20553724854210476,0.20553724854210476,0.20553724854210476,-0.2475720752429668,0.20553724854210476,0.20553724854210476,0.20553724854210476,0.20553724854210476,0.20553724854210476,0.20553724854210476,0.20553724854210476,0.20553724854210476,-0.2475720752429668,0.20553724854210476,0.20553724854210476
124,-0.0624427301850259,-0.0624427301850259,-0.0624427301850259,-0.0624427301850259,-0.0624427301850259,-0.0624427301850259,-0.0624427301850259,-0.0624427301850259,-0.0624427301850259,-0.0624427301850259,-0.0624427301850259,-0.06239024693561334,-0.0624427301850259,-0.0624427301850259,-0.0624427301850259,-0.0624427301850259,-0.0624427301850259,-0.0624427301850259,-0.0624427301850259,-0.0624427301850259,-0.06239024693561334,-0.0624427301850259,-0.0624427301850259,-0.0624427301850259,-0.0624427301850259,-0.0624427301850259,-0.0624427301850259,-0.0624427301850259,-0.0624427301850259,-0.06239024693561334,-0.0624427301850259,-0.0624427301850259
125,-0.014062458246491653,-0.014062458246491653,-0.014062458246491653,-0.014062458246491653,-0.014062458246491653,-0.014062458246491653,-0.014062458246491653,-0.014062458246491653,-0.014062458246491653,-0.014062458246491653,-0.014062458246491653,-0.013169641168818863,-0.014062458246491653,-0.014062458246491653,-0.014062458246491653,-0.014062458246491653,-0.014062458246491653,-0.014062458246491653,-0.014062458246491653,-0.014062458246491653,-0.013169641168818863,-0.014062458246491653,-0.014062458246491653,-0.014062458246491653,-0.014062458246491653,-0.014062458246491653,-0.014062458246491653,-0.014062458246491653,-0.014062458246491653,-0.013169641168818863,-0.014062458246491653,-0.014062458246491653
126,0.02045375185857798,0.02045375185857798,0.02045375185857798,0.02045375185857798,0.02045375185857798,0.02045375185857798,0.02045375185857798,0.02045375185857798,0.02045375185857798,0.02045375185857798,0.02045375185857798,0.02034254984870569,0.02045375185857798,0.02045375185857798,0.02045375185857798,0.02045375185857798,0.02045375185857798,0.02045375185857798,0.02045375185857798,0.02045375185857798,0.02034254984870569,0.02045375185857798,0.02045375185857798,0.02045375185857798,0.02045375185857798,0.02045375185857798,0.02045375185857798,0.02045375185857798,0.02045375185857798,0.02034254984870569,0.02045375185857798,0.02045375185857798
127,0.12182634799084723,0.12182634799084723,0.12182634799084723,0.12182634799084723,0.12182634799084723,0.12182634799084723,0.12182634799084723,0.12182634799084723,0.12182634799084723,0.12182634799084723,0.12182634799084723,0.12160909683373779,0.12182634799084723,0.12182634799084723,0.12182634799084723,0.12182634799084723,0.12182634799084723,0.12182634799084723,0.12182634799084723,0.12182634799084723,0.12160909683373779,0.12182634799084723,0.12182634799084723,0.12182634799084723,0.12182634799084723,0.12182634799084723,0.12182634799084723,0.12182634799084723,0.12182634799084723,0.12160909683373779,0.12182634799084723,0.12182634799084723
128,0.68781796999609,0.68781796999609,0.68781796999609,0.68781796999609,0.68781796999609,0.68781796999609,0.68781796999609,0.68781796999609,0.68781796999609,0.68781796999609,0.68781796999609,0.6900774845234128,0.68781796999609,0.68781796999609,0.68781796999609,0.68781796999609,0.68781796999609,0.68781796999609,0.68781796999609,0.68781796999609,0.6900774845234128,0.68781796999609,0.68781796999609,0.68781796999609,0.68781796999609,0.68781796999609,0.68781796999609,0.68781796999609,0.68781796999609,0.6900774845234128,0.68781796999609,0.68781796999609
129,0.021891283645682304,0.021891283645682304,0.021891283645682304,0.021891283645682304,0.021891283645682304,0.021891283645682304,0.021891283645682304,0.021891283645682304,0.021891283645682304,0.021891283645682304,0.021891283645682304,0.020547344170242992,0.021891283645682304,0.021891283645682304,0.021891283645682304,0.021891283645682304,0.021891283645682304,0.021891283645682304,0.021891283645682304,0.021891283645682304,0.020547344170242992,0.021891283645682304,0.021891283645682304,0.021891283645682304,0.021891283645682304,0.021891283645682304,0.021891283645682304,0.021891283645682304,0.021891283645682304,0.020547344170242992,0.021891283645682304,0.021891283645682304
130,-0.618615744026309,-0.618615744026309,-0.618615744026309,-0.618615744026309,-0.618615744026309,-0.618615744026309,-0.618615744026309,-0.618615744026309,-0.618615744026309,-0.618615744026309,-0.618615744026309,-0.6178826055184435,-0.618615744026309,-0.618615744026309,-0.618615744026309,-0.618615744026309,-0.618615744026309,-0.618615744026309,-0.618615744026309,-0.618615744026309,-0.6178826055184435,-0.618615744026309,-0.618615744026309,-0.618615744026309,-0.618615744026309,-0.618615744026309,-0.618615744026309,-0.618615744026309,-0.618615744026309,-0.6178826055184435,-0.618615744026309,-0.618615744026309
131,-0.6491365204805802,-0.6491365204805802,-0.6491365204805802,-0.6491365204805802,-0.6491365204805802,-0.6491365204805802,-0.6491365204805802,-0.6491365204805802,-0.6491365204805802,-0.6491365204805802,-0.6491365204805802,-0.6470359615807042,-0.6491365204805802,-0.6491365204805802,-0.6491365204805802,-0.6491365204805802,-0.6491365204805802,-0.6491365204805802,-0.6491365204805802,-0.6491365204805802,-0.6470359615807042,-0.6491365204805802,-0.6491365204805802,-0.6491365204805802,-0.6491365204805802,-0.6491365204805802,-0.6491365204805802,-0.6491365204805802,-0.6491365204805802,-0.6470359615807042,-0.6491365204805802,-0.6491365204805802
132,-0.03414999427241626,-0.03414999427241626,-0.03414999427241626,-0.03414999427241626,-0.03414999427241626,-0.03414999427241626,-0.03414999427241626,-0.03414999427241626,-0.03414999427241626,-0.03414999427241626,-0.03414999427241626,-0.03364435449302674,-0.03414999427241626,-0.03414999427241626,-0.03414999427241626,-0.03414999427241626,-0.03414999427241626,-0.03414999427241626,-0.03414999427241626,-0.03414999427241626,-0.03364435449302674,-0.03414999427241626,-0.03414999427241626,-0.03414999427241626,-0.03414999427241626,-0.03414999427241626,-0.03414999427241626,-0.03414999427241626,-0.03414999427241626,-0.03364435449302674,-0.03414999427241626,-0.03414999427241626
133,0.014316849151491413,0.014316849151491413,0.014316849151491413,0.014316849151491413,0.014316849151491413,0.014316849151491413,0.014316849151491413,0.014316849151491413,0.014316849151491413,0.014316849151491413,0.014316849151491413,0.013615457792304515,0.014316849151491413,0.014316849151491413,0.014316849151491413,0.014316849151491413,0.014316849151491413,0.014316849151491413,0.014316849151491413,0.014316849151491413,0.013615457792304515,0.014316849151491413,0.014316849151491413,0.014316849151491413,0.014316849151491413,0.014316849151491413,0.014316849151491413,0.014316849151491413,0.014316849151491413,0.013615457792304515,0.014316849151491413,0.014316849151491413
134,-0.09138416636785991,-0.09138416636785991,-0.09138416636785991,-0.09138416636785991,-0.09138416636785991,-0.09138416636785991,-0.09138416636785991,-0.09138416636785991,-0.09138416636785991,-0.09138416636785991,-0.09138416636785991,-0.08996968868536885,-0.09138416636785991,-0.09138416636785991,-0.09138416636785991,-0.09138416636785991,-0.09138416636785991,-0.09138416636785991,-0.09138416636785991,-0.09138416636785991,-0.08996968868536885,-0.09138416636785991,-0.09138416636785991,-0.09138416636785991,-0.09138416636785991,-0.09138416636785991,-0.09138416636785991,-0.09138416636785991,-0.09138416636785991,-0.08996968868536885,-0.09138416636785991,-0.09138416636785991
135,0.10316950723476447,0.10316950723476447,0.10316950723476447,0.10316950723476447,0.10316950723476447,0.10316950723476447,0.10316950723476447,0.10316950723476447,0.10316950723476447,0.10316950723476447,0.10316950723476447,0.10406066003041718,0.10316950723476447,0.10316950723476447,0.10316950723476447,0.10316950723476447,0.10316950723476447,0.10316950723476447,0.10316950723476447,0.10316950723476447,0.10406066003041718,0.10316950723476447,0.10316950723476447,0.10316950723476447,0.10316950723476447,0.10316950723476447,0.10316950723476447,0.10316950723476447,0.10316950723476447,0.10406066003041718,0.10316950723476447,0.10316950723476447
136,0.6577801889741081,0.6577801889741081,0.6577801889741081,0.6577801889741081,0.6577801889741081,0.6577801889741081,0.6577801889741081,0.6577801889741081,0.6577801889741081,0.6577801889741081,0.6577801889741081,0.657652041630982,0.6577801889741081,0.6577801889741081,0.6577801889741081,0.6577801889741081,0.6577801889741081,0.6577801889741081,0.6577801889741081,0.6577801889741081,0.657652041630982,0.6577801889741081,0.6577801889741081,0.6577801889741081,0.6577801889741081,0.6577801889741081,0.6577801889741081,0.6577801889741081,0.6577801889741081,0.657652041630982,0.6577801889741081,0.6577801889741081
137,0.06673135380051974,0.06673135380051974,0.06673135380051974,0.06673135380051974,0.06673135380051974,0.06673135380051974,0.06673135380051974,0.06673135380051974,0.06673135380051974,0.06673135380051974,0.06673135380051974,0.06577674923208579,0.06673135380051974,0.06673135380051974,0.06673135380051974,0.06673135380051974,0.06673135380051974,0.06673135380051974,0.06673135380051974,0.06673135380051974,0.06577674923208579,0.06673135380051974,0.06673135380051974,0.06673135380051974,0.06673135380051974,0.06673135380051974,0.06673135380051974,0.06673135380051974,0.06673135380051974,0.06577674923208579,0.06673135380051974,0.06673135380051974
138,0.42324141629782114,0.42324141629782114,0.42324141629782114,0.42324141629782114,0.42324141629782114,0.42324141629782114,0.42324141629782114,0.42324141629782114,0.42324141629782114,0.42324141629782114,0.42324141629782114,0.4226042600733085,0.42324141629782114,0.42324141629782114,0.42324141629782114,0.42324141629782114,0.42324141629782114,0.42324141629782114,0.42324141629782114,0.42324141629782114,0.4226042600733085,0.42324141629782114,0.42324141629782114,0.42324141629782114,0.42324141629782114,0.42324141629782114,0.42324141629782114,0.42324141629782114,0.42324141629782114,0.4226042600733085,0.42324141629782114,0.42324141629782114
139,0.09634224305667453,0.09634224305667453,0.09634224305667453,0.09634224305667453,0.09634224305667453,0.09634224305667453,0.09634224305667453,0.09634224305667453,0.09634224305667453,0.09634224305667453,0.09634224305667453,0.09498306398778611,0.09634224305667453,0.09634224305667453,0.09634224305667453,0.09634224305667453,0.09634224305667453,0.09634224305667453,0.09634224305667453,0.09634224305667453,0.09498306398778611,0.09634224305667453,0.09634224305667453,0.09634224305667453,0.09634224305667453,0.09634224305667453,0.09634224305667453,0.09634224305667453,0.09634224305667453,0.09498306398778611,0.09634224305667453,0.09634224305667453
140,0.0217202568816882,0.0217202568816882,0.0217202568816882,0.0217202568816882,0.0217202568816882,0.0217202568816882,0.0217202568816882,0.0217202568816882,0.0217202568816882,0.0217202568816882,0.0217202568816882,0.02099175416171883,0.0217202568816882,0.0217202568816882,0.0217202568816882,0.0217202568816882,0.0217202568816882,0.0217202568816882,0.0217202568816882,0.0217202568816882,0.02099175416171883,0.0217202568816882,0.0217202568816882,0.0217202568816882,0.0217202568816882,0.0217202568816882,0.0217202568816882,0.0217202568816882,0.0217202568816882,0.02099175416171883,0.0217202568816882,0.0217202568816882
141,-0.055748258187351823,-0.055748258187351823,-0.055748258187351823,-0.055748258187351823,-0.055748258187351823,-0.055748258187351823,-0.055748258187351823,-0.055748258187351823,-0.055748258187351823,-0.055748258187351823,-0.055748258187351823,-0.05575614985848614,-0.055748258187351823,-0.055748258187351823,-0.055748258187351823,-0.055748258187351823,-0.055748258187351823,-0.055748258187351823,-0.055748258187351823,-0.055748258187351823,-0.05575614985848614,-0.055748258187351823,-0.055748258187351823,-0.055748258187351823,-0.055748258187351823,-0.055748258187351823,-0.055748258187351823,-0.055748258187351823,-0.055748258187351823,-0.05575614985848614,-0.055748258187351823,-0.055748258187351823
142,-0.14464992991601888,-0.14464992991601888,-0.14464992991601888,-0.14464992991601888,-0.14464992991601888,-0.14464992991601888,-0.14464992991601888,-0.14464992991601888,-0.14464992991601888,-0.14464992991601888,-0.14464992991601888,-0.14422489126982366,-0.14464992991601888,-0.14464992991601888,-0.14464992991601888,-0.14464992991601888,-0.14464992991601888,-0.14464992991601888,-0.14464992991601888,-0.14464992991601888,-0.14422489126982366,-0.14464992991601888,-0.14464992991601888,-0.14464992991601888,-0.14464992991601888,-0.14464992991601888,-0.14464992991601888,-0.14464992991601888,-0.14464992991601888,-0.14422489126982366,-0.14464992991601888,-0.14464992991601888
143,-0.12532621198895594,-0.12532621198895594,-0.12532621198895594,-0.12532621198895594,-0.12532621198895594,-0.12532621198895594,-0.12532621198895594,-0.12532621198895594,-0.12532621198895594,-0.12532621198895594,-0.12532621198895594,-0.1253024258502175,-0.12532621198895594,-0.12532621198895594,-0.12532621198895594,-0.12532621198895594,-0.12532621198895594,-0.12532621198895594,-0.12532621198895594,-0.12532621198895594,-0.1253024258502175,-0.12532621198895594,-0.12532621198895594,-0.12532621198895594,-0.12532621198895594,-0.12532621198895594,-0.12532621198895594,-0.12532621198895594,-0.12532621198895594,-0.1253024258502175,-0.12532621198895594,-0.12532621198895594
144,-0.010192724592204943,-0.010192724592204943,-0.010192724592204943,-0.010192724592204943,-0.010192724592204943,-0.010192724592204943,-0.010192724592204943,-0.010192724592204943,-0.010192724592204943,-0.010192724592204943,-0.010192724592204943,-0.010627099654781081,-0.010192724592204943,-0.010192724592204943,-0.010192724592204943,-0.010192724592204943,-0.010192724592204943,-0.010192724592204943,-0.010192724592204943,-0.010192724592204943,-0.010627099654781081,-0.010192724592204943,-0.010192724592204943,-0.010192724592204943,-0.010192724592204943,-0.010192724592204943,-0.010192724592204943,-0.010192724592204943,-0.010192724592204943,-0.010627099654781081,-0.010192724592204943,-0.010192724592204943
145,-0.12518779892617182,-0.12518779892617182,-0.12518779892617182,-0.12518779892617182,-0.12518779892617182,-0.12518779892617182,-0.12518779892617182,-0.12518779892617182,-0.12518779892617182,-0.12518779892617182,-0.12518779892617182,-0.12473392229144506,-0.12518779892617182,-0.12518779892617182,-0.12518779892617182,-0.12518779892617182,-0.12518779892617182,-0.12518779892617182,-0.12518779892617182,-0.12518779892617182,-0.12473392229144506,-0.12518779892617182,-0.12518779892617182,-0.12518779892617182,-0.12518779892617182,-0.12518779892617182,-0.12518779892617182,-0.12518779892617182,-0.12518779892617182,-0.12473392229144506,-0.12518779892617182,-0.12518779892617182
146,0.10023745647952721,0.10023745647952721,0.10023745647952721,0.10023745647952721,0.10023745647952721,0.10023745647952721,0.10023745647952721,0.10023745647952721,0.10023745647952721,0.10023745647952721,0.10023745647952721,0.0989525441361675,0.10023745647952721,0.10023745647952721,0.10023745647952721,0.10023745647952721,0.10023745647952721,0.10023745647952721,0.10023745647952721,0.10023745647952721,0.0989525441361675,0.10023745647952721,0.10023745647952721,0.10023745647952721,0.10023745647952721,0.10023745647952721,0.10023745647952721,0.10023745647952721,0.10023745647952721,0.0989525441361675,0.10023745647952721,0.10023745647952721
147,-0.2364579553384656,-0.2364579553384656,-0.2364579553384656,-0.2364579553384656,-0.2364579553384656,-0.2364579553384656,-0.2364579553384656,-0.2364579553384656,-0.2364579553384656,-0.2364579553384656,-0.2364579553384656,-0.23626178385000018,-0.2364579553384656,-0.2364579553384656,-0.2364579553384656,-0.2364579553384656,-0.2364579553384656,-0.2364579553384656,-0.2364579553384656,-0.2364579553384656,-0.23626178385000018,-0.2364579553384656,-0.2364579553384656,-0.2364579553384656,-0.2364579553384656,-0.2364579553384656,-0.2364579553384656,-0.2364579553384656,-0.2364579553384656,-0.23626178385000018,-0.2364579553384656,-0.2364579553384656
148,-0.2125822446602008,-0.2125822446602008,-0.2125822446602008,-0.2125822446602008,-0.2125822446602008,-0.2125822446602008,-0.2125822446602008,-0.2125822446602008,-0.2125822446602008,-0.2125822446602008,-0.2125822446602008,-0.2130382989031702,-0.2125822446602008,-0.2125822446602008,-0.2125822446602008,-0.2125822446602008,-0.2125822446602008,-0.2125822446602008,-0.2125822446602008,-0.2125822446602008,-0.2130382989031702,-0.2125822446602008,-0.2125822446602008,-0.2125822446602008,-0.2125822446602008,-0.2125822446602008,-0.2125822446602008,-0.2125822446602008,-0.2125822446602008,-0.2130382989031702,-0.2125822446602008,-0.2125822446602008
149,-2.265268573684265,-2.265268573684265,-2.265268573684265,-2.265268573684265,-2.265268573684265,-2.265268573684265,-2.265268573684265,-2.265268573684265,-2.265268573684265,-2.265268573684265,-2.265268573684265,-2.2647726497562375,-2.265268573684265,-2.265268573684265,-2.265268573684265,-2.265268573684265,-2.265268573684265,-2.265268573684265,-2.265268573684265,-2.265268573684265,-2.2647726497562375,-2.265268573684265,-2.265268573684265,-2.265268573684265,-2.265268573684265,-2.265268573684265,-2.265268573684265,-2.265268573684265,-2.265268573684265,-2.2647726497562375,-2.265268573684265,-2.265268573684265
150,-0.07387010593205676,-0.07387010593205676,-0.07387010593205676,-0.07387010593205676,-0.07387010593205676,-0.07387010593205676,-0.07387010593205676,-0.07387010593205676,-0.07387010593205676,-0.07387010593205676,-0.07387010593205676,-0.07359326236557978,-0.07387010593205676,-0.07387010593205676,-0.07387010593205676,-0.07387010593205676,-0.07387010593205676,-0.07387010593205676,-0.07387010593205676,-0.07387010593205676,-0.07359326236557978,-0.07387010593205676,-0.07387010593205676,-0.07387010593205676,-0.07387010593205676,-0.07387010593205676,-0.07387010593205676,-0.07387010593205676,-0.07387010593205676,-0.07359326236557978,-0.07387010593205676,-0.07387010593205676
151,-0.06976842763564695,-0.06976842763564695,-0.06976842763564695,-0.06976842763564695,-0.06976842763564695,-0.06976842763564695,-0.06976842763564695,-0.06976842763564695,-0.06976842763564695,-0.06976842763564695,-0.06976842763564695,-0.07028166394067173,-0.06976842763564695,-0.06976842763564695,-0.06976842763564695,-0.06976842763564695,-0.06976842763564695,-0.06976842763564695,-0.06976842763564695,-0.06976842763564695,-0.07028166394067173,-0.06976842763564695,-0.06976842763564695,-0.06976842763564695,-0.06976842763564695,-0.06976842763564695,-0.06976842763564695,-0.06976842763564695,-0.06976842763564695,-0.07028166394067173,-0.06976842763564695,-0.06976842763564695
152,1.723559297523457,1.723559297523457,1.723559297523457,1.723559297523457,1.723559297523457,1.723559297523457,1.723559297523457,1.723559297523457,1.723559297523457,1.723559297523457,1.723559297523457,1.7211051704476212,1.723559297523457,1.723559297523457,1.723559297523457,1.723559297523457,1.723559297523457,1.723559297523457,1.723559297523457,1.723559297523457,1.7211051704476212,1.723559297523457,1.723559297523457,1.723559297523457,1.723559297523457,1.723559297523457,1.723559297523457,1.723559297523457,1.723559297523457,1.7211051704476212,1.723559297523457,1.723559297523457
153,-0.03429416220023488,-0.03429416220023488,-0.03429416220023488,-0.03429416220023488,-0.03429416220023488,-0.03429416220023488,-0.03429416220023488,-0.03429416220023488,-0.03429416220023488,-0.03429416220023488,-0.03429416220023488,-0.03484956248953656,-0.03429416220023488,-0.03429416220023488,-0.03429416220023488,-0.03429416220023488,-0.03429416220023488,-0.03429416220023488,-0.03429416220023488,-0.03429416220023488,-0.03484956248953656,-0.03429416220023488,-0.03429416220023488,-0.03429416220023488,-0.03429416220023488,-0.03429416220023488,-0.03429416220023488,-0.03429416220023488,-0.03429416220023488,-0.03484956248953656,-0.03429416220023488,-0.03429416220023488
154,0.00628750324522253,0.00628750324522253,0.00628750324522253,0.00628750324522253,0.00628750324522253,0.00628750324522253,0.00628750324522253,0.00628750324522253,0.00628750324522253,0.00628750324522253,0.00628750324522253,0.008082853525834776,0.00628750324522253,0.00628750324522253,0.00628750324522253,0.00628750324522253,0.00628750324522253,0.00628750324522253,0.00628750324522253,0.00628750324522253,0.008082853525834776,0.00628750324522253,0.00628750324522253,0.00628750324522253,0.00628750324522253,0.00628750324522253,0.00628750324522253,0.00628750324522253,0.00628750324522253,0.008082853525834776,0.00628750324522253,0.00628750324522253
155,-0.4126484595206717,-0.4126484595206717,-0.4126484595206717,-0.4126484595206717,-0.4126484595206717,-0.4126484595206717,-0.4126484595206717,-0.4126484595206717,-0.4126484595206717,-0.4126484595206717,-0.4126484595206717,-0.41263586440050093,-0.4126484595206717,-0.4126484595206717,-0.4126484595206717,-0.4126484595206717,-0.4126484595206717,-0.4126484595206717,-0.4126484595206717,-0.4126484595206717,-0.41263586440050093,-0.4126484595206717,-0.4126484595206717,-0.4126484595206717,-0.4126484595206717,-0.4126484595206717,-0.4126484595206717,-0.4126484595206717,-0.4126484595206717,-0.41263586440050093,-0.4126484595206717,-0.4126484595206717
156,0.035283366904932265,0.035283366904932265,0.035283366904932265,0.035283366904932265,0.035283366904932265,0.035283366904932265,0.035283366904932265,0.035283366904932265,0.035283366904932265,0.035283366904932265,0.035283366904932265,0.03480200627493621,0.035283366904932265,0.035283366904932265,0.035283366904932265,0.035283366904932265,0.035283366904932265,0.035283366904932265,0.035283366904932265,0.035283366904932265,0.03480200627493621,0.035283366904932265,0.035283366904932265,0.035283366904932265,0.035283366904932265,0.035283366904932265,0.035283366904932265,0.035283366904932265,0.035283366904932265,0.03480200627493621,0.035283366904932265,0.035283366904932265
157,-0.0020334423141246958,-0.0020334423141246958,-0.0020334423141246958,-0.0020334423141246958,-0.0020334423141246958,-0.0020334423141246958,-0.0020334423141246958,-0.0020334423141246958,-0.0020334423141246958,-0.0020334423141246958,-0.0020334423141246958,-0.0018197965925331328,-0.0020334423141246958,-0.0020334423141246958,-0.0020334423141246958,-0.0020334423141246958,-0.0020334423141246958,-0.0020334423141246958,-0.0020334423141246958,-0.0020334423141246958,-0.0018197965925331328,-0.0020334423141246958,-0.0020334423141246958,-0.0020334423141246958,-0.0020334423141246958,-0.0020334423141246958,-0.0020334423141246958,-0.0020334423141246958,-0.0020334423141246958,-0.0018197965925331328,-0.0020334423141246958,-0.0020334423141246958
158,0.00799311235645824,0.00799311235645824,0.00799311235645824,0.00799311235645824,0.00799311235645824,0.00799311235645824,0.00799311235645824,0.00799311235645824,0.00799311235645824,0.00799311235645824,0.00799311235645824,0.008573966874142127,0.00799311235645824,0.00799311235645824,0.00799311235645824,0.00799311235645824,0.00799311235645824,0.00799311235645824,0.00799311235645824,0.00799311235645824,0.008573966874142127,0.00799311235645824,0.00799311235645824,0.00799311235645824,0.00799311235645824,0.00799311235645824,0.00799311235645824,0.00799311235645824,0.00799311235645824,0.008573966874142127,0.00799311235645824,0.00799311235645824
159,0.0023467861492003305,0.0023467861492003305,0.0023467861492003305,0.0023467861492003305,0.0023467861492003305,0.0023467861492003305,0.0023467861492003305,0.0023467861492003305,0.0023467861492003305,0.0023467861492003305,0.0023467861492003305,0.0018509022138748423,0.0023467861492003305,0.0023467861492003305,0.0023467861492003305,0.0023467861492003305,0.0023467861492003305,0.0023467861492003305,0.0023467861492003305,0.0023467861492003305,0.0018509022138748423,0.0023467861492003305,0.0023467861492003305,0.0023467861492003305,0.0023467861492003305,0.0023467861492003305,0.0023467861492003305,0.0023467861492003305,0.0023467861492003305,0.0018509022138748423,0.0023467861492003305,0.0023467861492003305
160,-0.012358212045413717,-0.012358212045413717,-0.012358212045413717,-0.012358212045413717,-0.012358212045413717,-0.012358212045413717,-0.012358212045413717,-0.012358212045413717,-0.012358212045413717,-0.012358212045413717,-0.012358212045413717,-0.01195289639086667,-0.012358212045413717,-0.012358212045413717,-0.012358212045413717,-0.012358212045413717,-0.012358212045413717,-0.012358212045413717,-0.012358212045413717,-0.012358212045413717,-0.01195289639086667,-0.012358212045413717,-0.012358212045413717,-0.012358212045413717,-0.012358212045413717,-0.012358212045413717,-0.012358212045413717,-0.012358212045413717,-0.012358212045413717,-0.01195289639086667,-0.012358212045413717,-0.012358212045413717
161,-0.0016127037653783213,-0.0016127037653783213,-0.0016127037653783213,-0.0016127037653783213,-0.0016127037653783213,-0.0016127037653783213,-0.0016127037653783213,-0.0016127037653783213,-0.0016127037653783213,-0.0016127037653783213,-0.0016127037653783213,-0.001308118760717914,-0.0016127037653783213,-0.0016127037653783213,-0.0016127037653783213,-0.0016127037653783213,-0.0016127037653783213,-0.0016127037653783213,-0.0016127037653783213,-0.0016127037653783213,-0.001308118760717914,-0.0016127037653783213,-0.0016127037653783213,-0.0016127037653783213,-0.0016127037653783213,-0.0016127037653783213,-0.0016127037653783213,-0.0016127037653783213,-0.0016127037653783213,-0.001308118760717914,-0.0016127037653783213,-0.0016127037653783213
162,0.48544936200423766,0.48544936200423766,0.48544936200423766,0.48544936200423766,0.48544936200423766,0.48544936200423766,0.48544936200423766,0.48544936200423766,0.48544936200423766,0.48544936200423766,0.48544936200423766,0.4851573062650804,0.48544936200423766,0.48544936200423766,0.48544936200423766,0.48544936200423766,0.48544936200423766,0.48544936200423766,0.48544936200423766,0.48544936200423766,0.4851573062650804,0.48544936200423766,0.48544936200423766,0.48544936200423766,0.48544936200423766,0.48544936200423766,0.48544936200423766,0.48544936200423766,0.48544936200423766,0.4851573062650804,0.48544936200423766,0.48544936200423766
163,-0.004296360150618647,-0.004296360150618647,-0.004296360150618647,-0.004296360150618647,-0.004296360150618647,-0.004296360150618647,-0.004296360150618647,-0.004296360150618647,-0.004296360150618647,-0.004296360150618647,-0.004296360150618647,-0.004018055149488876,-0.004296360150618647,-0.004296360150618647,-0.004296360150618647,-0.004296360150618647,-0.004296360150618647,-0.004296360150618647,-0.004296360150618647,-0.004296360150618647,-0.004018055149488876,-0.004296360150618647,-0.004296360150618647,-0.004296360150618647,-0.004296360150618647,-0.004296360150618647,-0.004296360150618647,-0.004296360150618647,-0.004296360150618647,-0.004018055149488876,-0.004296360150618647,-0.004296360150618647
164,0.003993990377487669,0.003993990377487669,0.003993990377487669,0.003993990377487669,0.003993990377487669,0.003993990377487669,0.003993990377487669,0.003993990377487669,0.003993990377487669,0.003993990377487669,0.003993990377487669,0.003332133150989828,0.003993990377487669,0.003993990377487669,0.003993990377487669,0.003993990377487669,0.003993990377487669,0.003993990377487669,0.003993990377487669,0.003993990377487669,0.003332133150989828,0.003993990377487669,0.003993990377487669,0.003993990377487669,0.003993990377487669,0.003993990377487669,0.003993990377487669,0.003993990377487669,0.003993990377487669,0.003332133150989828,0.003993990377487669,0.003993990377487669
165,-0.0009489305123341883,-0.0009489305123341883,-0.0009489305123341883,-0.0009489305123341883,-0.0009489305123341883,-0.0009489305123341883,-0.0009489305123341883,-0.0009489305123341883,-0.0009489305123341883,-0.0009489305123341883,-0.0009489305123341883,-0.001192773080965208,-0.0009489305123341883,-0.0009489305123341883,-0.0009489305123341883,-0.0009489305123341883,-0.0009489305123341883,-0.0009489305123341883,-0.0009489305123341883,-0.0009489305123341883,-0.001192773080965208,-0.0009489305123341883,-0.0009489305123341883,-0.0009489305123341883,-0.0009489305123341883,-0.0009489305123341883,-0.0009489305123341883,-0.0009489305123341883,-0.0009489305123341883,-0.001192773080965208,-0.0009489305123341883,-0.0009489305123341883
166,-0.28767552649151645,-0.28767552649151645,-0.28767552649151645,-0.28767552649151645,-0.28767552649151645,-0.28767552649151645,-0.28767552649151645,-0.28767552649151645,-0.28767552649151645,-0.28767552649151645,-0.28767552649151645,-0.287729120203703,-0.28767552649151645,-0.28767552649151645,-0.28767552649151645,-0.28767552649151645,-0.28767552649151645,-0.28767552649151645,-0.28767552649151645,-0.28767552649151645,-0.287729120203703,-0.28767552649151645,-0.28767552649151645,-0.28767552649151645,-0.28767552649151645,-0.28767552649151645,-0.28767552649151645,-0.28767552649151645,-0.28767552649151645,-0.287729120203703,-0.28767552649151645,-0.28767552649151645
167,0.0002050074630693943,0.0002050074630693943,0.0002050074630693943,0.0002050074630693943,0.0002050074630693943,0.0002050074630693943,0.0002050074630693943,0.0002050074630693943,0.0002050074630693943,0.0002050074630693943,0.0002050074630693943,-0.001470796452496135,0.0002050074630693943,0.0002050074630693943,0.0002050074630693943,0.0002050074630693943,0.0002050074630693943,0.0002050074630693943,0.0002050074630693943,0.0002050074630693943,-0.001470796452496135,0.0002050074630693943,0.0002050074630693943,0.0002050074630693943,0.0002050074630693943,0.0002050074630693943,0.0002050074630693943,0.0002050074630693943,0.0002050074630693943,-0.001470796452496135,0.0002050074630693943,0.0002050074630693943
